open_time,open,high,low,close,volume,close_time,quote_volume,count,taker_buy_base_volume,taker_buy_quote_volume
1569227400000,9930.13000000,9930.13000000,9930.13000000,9930.13000000,0.00100000,1569228299999,9.93013000,1,0E-8,0E-8
1569228300000,9930.13000000,9930.13000000,9930.13000000,9930.13000000,0E-8,1569229037115,0E-8,0,0E-8,0E-8
1569244500000,9930.13000000,9930.13000000,9930.13000000,9930.13000000,0E-8,1569245399999,0E-8,0,0E-8,0E-8
1569245400000,9930.13000000,9930.13000000,9930.13000000,9930.13000000,0E-8,1569246299999,0E-8,0,0E-8,0E-8
1569246300000,9930.13000000,9930.13000000,9930.13000000,9930.13000000,0E-8,1569247199999,0E-8,0,0E-8,0E-8
1569247200000,9930.13000000,9930.13000000,9930.13000000,9930.13000000,0E-8,1569248099999,0E-8,0,0E-8,0E-8
1569248100000,9930.13000000,9930.13000000,9930.13000000,9930.13000000,0E-8,1569248999999,0E-8,0,0E-8,0E-8
1569249000000,9930.13000000,9930.13000000,9930.13000000,9930.13000000,0E-8,1569249899999,0E-8,0,0E-8,0E-8
1569249900000,9930.13000000,9930.13000000,9930.13000000,9930.13000000,0E-8,1569250799999,0E-8,0,0E-8,0E-8
1569250800000,9930.13000000,9930.13000000,9930.13000000,9930.13000000,0E-8,1569251699999,0E-8,0,0E-8,0E-8
1569251700000,9930.13000000,9930.13000000,9930.13000000,9930.13000000,0E-8,1569252599999,0E-8,0,0E-8,0E-8
1569252600000,9930.13000000,9930.13000000,9930.13000000,9930.13000000,0E-8,1569253499999,0E-8,0,0E-8,0E-8
1569253500000,9930.13000000,9930.13000000,9930.13000000,9930.13000000,0E-8,1569254399999,0E-8,0,0E-8,0E-8
1569254400000,9930.13000000,9930.13000000,9930.13000000,9930.13000000,0E-8,1569255299999,0E-8,0,0E-8,0E-8
1569255300000,9930.13000000,9930.13000000,9930.13000000,9930.13000000,0E-8,1569256199999,0E-8,0,0E-8,0E-8
1569256200000,9930.13000000,9930.13000000,9930.13000000,9930.13000000,0E-8,1569257099999,0E-8,0,0E-8,0E-8
1569257100000,9930.13000000,9930.13000000,9930.13000000,9930.13000000,0E-8,1569257999999,0E-8,0,0E-8,0E-8
1569258000000,9930.13000000,9930.13000000,9930.13000000,9930.13000000,0E-8,1569258899999,0E-8,0,0E-8,0E-8
1569258900000,9930.13000000,9930.13000000,9930.13000000,9930.13000000,0E-8,1569259799999,0E-8,0,0E-8,0E-8
1569259800000,9930.13000000,9930.13000000,9930.13000000,9930.13000000,0E-8,1569260699999,0E-8,0,0E-8,0E-8
1569260700000,9930.13000000,9930.13000000,9930.13000000,9930.13000000,0E-8,1569261599999,0E-8,0,0E-8,0E-8
1569261600000,9930.13000000,9930.13000000,9930.13000000,9930.13000000,0E-8,1569262499999,0E-8,0,0E-8,0E-8
1569262500000,9930.13000000,9930.13000000,9930.13000000,9930.13000000,0E-8,1569263399999,0E-8,0,0E-8,0E-8
1569263400000,9930.13000000,9930.13000000,9930.13000000,9930.13000000,0E-8,1569264299999,0E-8,0,0E-8,0E-8
1569264300000,9930.13000000,9930.13000000,9930.13000000,9930.13000000,0E-8,1569265199999,0E-8,0,0E-8,0E-8
1569265200000,9930.13000000,9930.13000000,9930.13000000,9930.13000000,0E-8,1569266099999,0E-8,0,0E-8,0E-8
1569266100000,9930.13000000,9930.13000000,9930.13000000,9930.13000000,0E-8,1569266999999,0E-8,0,0E-8,0E-8
1569267000000,9930.13000000,9930.13000000,9930.13000000,9930.13000000,0E-8,1569267899999,0E-8,0,0E-8,0E-8
1569267900000,9930.13000000,9930.13000000,9930.13000000,9930.13000000,0E-8,1569268799999,0E-8,0,0E-8,0E-8
1569268800000,9930.13000000,9930.13000000,9930.13000000,9930.13000000,0E-8,1569269699999,0E-8,0,0E-8,0E-8
1569269700000,9930.13000000,9930.13000000,9930.13000000,9930.13000000,0E-8,1569270599999,0E-8,0,0E-8,0E-8
1569270600000,9930.13000000,9930.13000000,9930.13000000,9930.13000000,0E-8,1569271499999,0E-8,0,0E-8,0E-8
1569271500000,9930.13000000,9930.13000000,9930.13000000,9930.13000000,0E-8,1569272399999,0E-8,0,0E-8,0E-8
1569272400000,9930.13000000,9930.13000000,9930.13000000,9930.13000000,0E-8,1569273299999,0E-8,0,0E-8,0E-8
1569273300000,9930.13000000,9930.13000000,9930.13000000,9930.13000000,0E-8,1569274199999,0E-8,0,0E-8,0E-8
1569274200000,9930.13000000,9930.13000000,9930.13000000,9930.13000000,0E-8,1569275099999,0E-8,0,0E-8,0E-8
1569275100000,9930.13000000,9930.13000000,9930.13000000,9930.13000000,0E-8,1569275999999,0E-8,0,0E-8,0E-8
1569276000000,9930.13000000,9930.13000000,9930.13000000,9930.13000000,0E-8,1569276899999,0E-8,0,0E-8,0E-8
1569276900000,9930.13000000,9930.13000000,9930.13000000,9930.13000000,0E-8,1569277799999,0E-8,0,0E-8,0E-8
1569277800000,9930.13000000,9930.13000000,9930.13000000,9930.13000000,0E-8,1569278699999,0E-8,0,0E-8,0E-8
1569278700000,9930.13000000,9930.13000000,9930.13000000,9930.13000000,0E-8,1569279599999,0E-8,0,0E-8,0E-8
1569279600000,9930.13000000,9930.13000000,9930.13000000,9930.13000000,0E-8,1569280499999,0E-8,0,0E-8,0E-8
1569280500000,9930.13000000,9930.13000000,9930.13000000,9930.13000000,0E-8,1569281399999,0E-8,0,0E-8,0E-8
1569281400000,9930.13000000,9930.13000000,9930.13000000,9930.13000000,0E-8,1569282299999,0E-8,0,0E-8,0E-8
1569282300000,9930.13000000,9930.13000000,9930.13000000,9930.13000000,0E-8,1569283199999,0E-8,0,0E-8,0E-8
1569283200000,9930.13000000,9930.13000000,9930.13000000,9930.13000000,0E-8,1569284099999,0E-8,0,0E-8,0E-8
1569284100000,9930.13000000,9930.13000000,9930.13000000,9930.13000000,0E-8,1569284999999,0E-8,0,0E-8,0E-8
1569285000000,9930.13000000,9930.13000000,9930.13000000,9930.13000000,0E-8,1569285899999,0E-8,0,0E-8,0E-8
1569285900000,9930.13000000,9930.13000000,9930.13000000,9930.13000000,0E-8,1569286799999,0E-8,0,0E-8,0E-8
1569286800000,9930.13000000,9930.13000000,9930.13000000,9930.13000000,0E-8,1569287699999,0E-8,0,0E-8,0E-8
1569287700000,9930.13000000,9930.13000000,9930.13000000,9930.13000000,0E-8,1569288599999,0E-8,0,0E-8,0E-8
1569288600000,9930.13000000,9930.13000000,9930.13000000,9930.13000000,0E-8,1569289499999,0E-8,0,0E-8,0E-8
1569289500000,9930.13000000,9930.13000000,9930.13000000,9930.13000000,0E-8,1569290399999,0E-8,0,0E-8,0E-8
1569290400000,9930.13000000,9930.13000000,9930.13000000,9930.13000000,0E-8,1569291299999,0E-8,0,0E-8,0E-8
1569291300000,9930.13000000,9930.13000000,9930.13000000,9930.13000000,0E-8,1569292199999,0E-8,0,0E-8,0E-8
1569292200000,9930.13000000,9930.13000000,9930.13000000,9930.13000000,0E-8,1569293099999,0E-8,0,0E-8,0E-8
1569293100000,9930.13000000,9930.13000000,9930.13000000,9930.13000000,0E-8,1569293999999,0E-8,0,0E-8,0E-8
1569294000000,9930.13000000,9930.13000000,9930.13000000,9930.13000000,0E-8,1569294899999,0E-8,0,0E-8,0E-8
1569294900000,9930.13000000,9930.13000000,9930.13000000,9930.13000000,0E-8,1569295799999,0E-8,0,0E-8,0E-8
1569295800000,9930.13000000,9930.13000000,9930.13000000,9930.13000000,0E-8,1569296699999,0E-8,0,0E-8,0E-8
1569296700000,9930.13000000,9930.13000000,9930.13000000,9930.13000000,0E-8,1569297599999,0E-8,0,0E-8,0E-8
1569297600000,9930.13000000,9930.13000000,9930.13000000,9930.13000000,0E-8,1569298499999,0E-8,0,0E-8,0E-8
1569298500000,9930.13000000,9930.13000000,9930.13000000,9930.13000000,0E-8,1569299399999,0E-8,0,0E-8,0E-8
1569299400000,9930.13000000,9930.13000000,9930.13000000,9930.13000000,0E-8,1569300299999,0E-8,0,0E-8,0E-8
1569300300000,9930.13000000,9930.13000000,9930.13000000,9930.13000000,0E-8,1569301199999,0E-8,0,0E-8,0E-8
1569301200000,9930.13000000,9930.13000000,9930.13000000,9930.13000000,0E-8,1569302099999,0E-8,0,0E-8,0E-8
1569302100000,9930.13000000,9930.13000000,9930.13000000,9930.13000000,0E-8,1569302999999,0E-8,0,0E-8,0E-8
1569303000000,9930.13000000,9930.13000000,9930.13000000,9930.13000000,0E-8,1569303899999,0E-8,0,0E-8,0E-8
1569303900000,9930.13000000,9930.13000000,9930.13000000,9930.13000000,0E-8,1569304799999,0E-8,0,0E-8,0E-8
1569304800000,9930.13000000,9930.13000000,9930.13000000,9930.13000000,0E-8,1569305699999,0E-8,0,0E-8,0E-8
1569305700000,9930.13000000,9930.13000000,9930.13000000,9930.13000000,0E-8,1569306599999,0E-8,0,0E-8,0E-8
1569306600000,9930.13000000,9930.13000000,9930.13000000,9930.13000000,0E-8,1569307499999,0E-8,0,0E-8,0E-8
1569307500000,9930.13000000,9930.13000000,9930.13000000,9930.13000000,0E-8,1569308399999,0E-8,0,0E-8,0E-8
1569308400000,9930.13000000,9930.13000000,9930.13000000,9930.13000000,0E-8,1569309299999,0E-8,0,0E-8,0E-8
1569309300000,9930.13000000,9930.13000000,9930.13000000,9930.13000000,0E-8,1569310199999,0E-8,0,0E-8,0E-8
1569310200000,9930.13000000,9930.13000000,9930.13000000,9930.13000000,0E-8,1569311099999,0E-8,0,0E-8,0E-8
1569311100000,9930.13000000,9930.13000000,9930.13000000,9930.13000000,0E-8,1569311999999,0E-8,0,0E-8,0E-8
1569312000000,9930.13000000,9930.13000000,9930.13000000,9930.13000000,0E-8,1569312899999,0E-8,0,0E-8,0E-8
1569312900000,9930.13000000,9930.13000000,9930.13000000,9930.13000000,0E-8,1569313799999,0E-8,0,0E-8,0E-8
1569313800000,9930.13000000,9930.13000000,9930.13000000,9930.13000000,0E-8,1569314699999,0E-8,0,0E-8,0E-8
1569314700000,9930.13000000,9930.13000000,9930.13000000,9930.13000000,0E-8,1569315599999,0E-8,0,0E-8,0E-8
1569315600000,9930.13000000,9930.13000000,9930.13000000,9930.13000000,0E-8,1569316499999,0E-8,0,0E-8,0E-8
1569316500000,9930.13000000,9930.13000000,9930.13000000,9930.13000000,0E-8,1569317399999,0E-8,0,0E-8,0E-8
1569317400000,9930.13000000,9930.13000000,9930.13000000,9930.13000000,0E-8,1569318299999,0E-8,0,0E-8,0E-8
1569318300000,9930.13000000,9930.13000000,9930.13000000,9930.13000000,0E-8,1569319199999,0E-8,0,0E-8,0E-8
1569319200000,9930.13000000,9930.13000000,9930.13000000,9930.13000000,0E-8,1569320099999,0E-8,0,0E-8,0E-8
1569320100000,9930.13000000,9930.13000000,9930.13000000,9930.13000000,0E-8,1569320999999,0E-8,0,0E-8,0E-8
1569321000000,9930.13000000,9930.13000000,9930.13000000,9930.13000000,0E-8,1569321899999,0E-8,0,0E-8,0E-8
1569321900000,9930.13000000,9930.13000000,9930.13000000,9930.13000000,0E-8,1569322799999,0E-8,0,0E-8,0E-8
1569322800000,9930.13000000,9930.13000000,9930.13000000,9930.13000000,0E-8,1569323699999,0E-8,0,0E-8,0E-8
1569323700000,9930.13000000,9930.13000000,9930.13000000,9930.13000000,0E-8,1569324599999,0E-8,0,0E-8,0E-8
1569324600000,9930.13000000,9930.13000000,9930.13000000,9930.13000000,0E-8,1569325499999,0E-8,0,0E-8,0E-8
1569325500000,9930.13000000,9930.13000000,9930.13000000,9930.13000000,0E-8,1569326399999,0E-8,0,0E-8,0E-8
1569326400000,9930.13000000,9930.13000000,9930.13000000,9930.13000000,0E-8,1569327299999,0E-8,0,0E-8,0E-8
1569327300000,9930.13000000,9930.13000000,9930.13000000,9930.13000000,0E-8,1569328199999,0E-8,0,0E-8,0E-8
1569328200000,9930.13000000,9930.13000000,9930.13000000,9930.13000000,0E-8,1569329099999,0E-8,0,0E-8,0E-8
1569329100000,9930.13000000,9930.13000000,9930.13000000,9930.13000000,0E-8,1569329999999,0E-8,0,0E-8,0E-8
1569330000000,9930.13000000,9930.13000000,9930.13000000,9930.13000000,0E-8,1569330899999,0E-8,0,0E-8,0E-8
1569330900000,9637.93000000,9665.05000000,9627.72000000,9665.05000000,0.20187300,1569331799999,1945.83457442,6,0.02957800,285.57904070
1569331800000,9631.85000000,9631.85000000,9616.57000000,9616.57000000,0.29198300,1569332699999,2810.52707124,3,0E-8,0E-8
1569332700000,9596.04000000,9637.63000000,9596.04000000,9637.63000000,0.12658500,1569333599999,1217.47436838,7,0.09234200,888.33824877
1569333600000,9620.35000000,9632.82000000,9561.58000000,9584.63000000,1.66046600,1569334499999,15945.95911731,18,1.05946500,10172.58671129
1569334500000,9580.24000000,9584.69000000,9546.89000000,9584.69000000,0.71407900,1569335399999,6827.03444222,16,0.11037600,1054.22574349
1569335400000,9547.95000000,9553.26000000,9537.86000000,9539.58000000,0.24634700,1569336299999,2351.32364162,8,0.18550300,1770.76443610
1569336300000,9528.64000000,9544.81000000,9516.22000000,9535.03000000,1.45903300,1569337199999,13901.99366977,35,0.44781400,4267.50415944
1569337200000,9524.66000000,9524.66000000,9424.90000000,9425.24000000,1.68921500,1569338099999,16006.28217403,40,0.50499100,4783.99821945
1569338100000,9421.25000000,9565.79000000,9421.25000000,9546.28000000,1.15473800,1569338999999,11015.49009315,16,0.46266400,4407.64633752
1569339000000,9526.61000000,9530.87000000,9501.25000000,9507.43000000,0.38552800,1569339899999,3666.23236441,11,0.09271400,881.15209250
1569339900000,9520.63000000,9522.31000000,9520.63000000,9521.38000000,0.05051900,1569340799999,481.00049694,4,0.05051900,481.00049694
1569340800000,9521.68000000,9586.46000000,9519.83000000,9586.46000000,1.34231000,1569341699999,12833.44052338,19,1.05108200,10045.93367076
1569341700000,9581.59000000,9584.18000000,9552.08000000,9562.40000000,0.70691100,1569342599999,6762.56605484,17,0.40995800,3922.41867066
1569342600000,9552.08000000,9553.76000000,9527.18000000,9528.60000000,0.35414100,1569343499999,3376.50040665,11,0.05194900,495.26620103
1569343500000,9532.64000000,9532.96000000,9493.30000000,9504.38000000,0.69966800,1569344399999,6651.68312969,18,0.35484100,3370.83173680
1569344400000,9501.81000000,9504.91000000,9452.11000000,9504.91000000,1.08917400,1569345299999,10333.13848259,28,0.47790000,4533.80415523
1569345300000,9504.33000000,9508.38000000,9493.58000000,9508.38000000,0.67199400,1569346199999,6384.43595777,18,0.36070600,3426.39443048
1569346200000,9505.68000000,9506.98000000,9487.40000000,9487.40000000,0.99198100,1569347099999,9419.54917208,21,0.34993900,3322.42978317
1569347100000,9467.08000000,9482.90000000,9456.02000000,9469.46000000,0.93470100,1569347999999,8849.60084523,17,0.62754400,5941.76526090
1569348000000,9480.85000000,9480.95000000,9472.74000000,9472.74000000,0.95795000,1569348899999,9079.27592466,15,0.48690000,4615.35374632
1569348900000,9463.89000000,9463.89000000,9431.21000000,9431.21000000,0.79657600,1569349799999,7526.52202606,18,0.24990500,2362.10646146
1569349800000,9426.51000000,9435.78000000,9359.13000000,9366.67000000,1.70240800,1569350699999,16010.55612316,32,1.30175300,12243.76673783
1569350700000,9356.36000000,9357.27000000,8602.89000000,8629.01000000,9.73492000,1569351599999,87022.78892114,122,4.37120000,38905.51191264
1569351600000,8610.18000000,8792.85000000,8569.84000000,8673.68000000,13.91347700,1569352499999,120908.79472784,117,5.93740800,51430.47192708
1569352500000,8688.65000000,8728.08000000,8547.97000000,8580.56000000,44.70426500,1569353399999,387146.02731846,214,20.08027900,173429.23794571
1569353400000,8530.61000000,8608.43000000,8002.41000000,8002.41000000,17.08914100,1569354299999,144697.63329655,194,11.86370500,101046.19065109
1569354300000,8001.15000000,8412.29000000,7996.45000000,8412.29000000,41.88349900,1569355199999,343737.02665942,310,31.41892000,258704.53534962
1569355200000,8404.31000000,8494.82000000,8298.26000000,8437.80000000,21.81937800,1569356099999,183285.33400863,301,19.29390500,162035.97577732
1569356100000,8428.68000000,8536.81000000,8269.51000000,8476.65000000,8.30106000,1569356999999,69670.74818391,145,6.86330800,57591.18835577
1569357000000,8476.65000000,8532.67000000,8409.69000000,8435.07000000,3.23772900,1569357899999,27428.62383677,81,1.77299700,15020.33446306
1569357900000,8416.22000000,8677.85000000,8411.95000000,8593.26000000,5.72614500,1569358799999,49070.36327502,172,4.58665100,39259.68450843
1569358800000,8580.26000000,8592.87000000,8523.24000000,8592.87000000,2.74143500,1569359699999,23525.76226143,45,2.19909600,18871.13210835
1569359700000,8585.22000000,8593.25000000,8518.46000000,8584.83000000,2.08369200,1569360599999,17834.96387227,38,0.99788100,8547.23647521
1569360600000,8589.42000000,8695.63000000,8588.18000000,8695.63000000,2.89428700,1569361499999,25014.59406723,61,1.92731100,16645.15471810
1569361500000,8707.81000000,8760.17000000,8652.82000000,8656.51000000,2.34483100,1569362399999,20429.13901739,54,1.18778300,10338.27358234
1569362400000,8669.64000000,8688.57000000,8663.79000000,8663.79000000,0.71896200,1569363299999,6239.61507006,8,0.40409600,3507.05146140
1569363300000,8639.68000000,8667.33000000,8631.97000000,8642.70000000,1.08312700,1569364199999,9361.72145484,14,0.63823200,5512.74416526
1569364200000,8692.85000000,8718.19000000,8686.42000000,8689.39000000,0.98076000,1569365099999,8531.63688662,17,0.67558500,5877.20667732
1569365100000,8679.85000000,8692.06000000,8674.17000000,8687.70000000,0.63436700,1569365999999,5509.41681457,6,0.31368500,2723.78375828
1569366000000,8685.85000000,8767.85000000,8674.95000000,8718.30000000,1.86940500,1569366899999,16279.30159855,16,1.39409200,12130.48062345
1569366900000,8677.69000000,8692.51000000,8643.37000000,8692.51000000,0.88878900,1569367799999,7707.60744584,9,0.43035600,3732.45759035
1569367800000,8684.22000000,8684.22000000,8537.31000000,8537.31000000,0.83970800,1569368699999,7229.87644646,26,0.48458000,4174.61257430
1569368700000,8553.90000000,8561.52000000,8477.77000000,8519.67000000,0.63364200,1569369599999,5404.69338249,17,0.33595100,2867.47183739
1569369600000,8528.12000000,8620.32000000,8528.12000000,8567.11000000,1.23728700,1569370499999,10604.72818244,28,0.76574200,6561.46108402
1569370500000,8576.78000000,8643.76000000,8576.78000000,8621.48000000,0.75485000,1569371399999,6500.89641776,7,0.30301900,2611.71853089
1569371400000,8637.69000000,8649.26000000,8637.69000000,8646.82000000,0.31183200,1569372299999,2696.62910778,3,0.15077100,1304.05757946
1569372300000,8651.90000000,8701.54000000,8651.90000000,8701.54000000,0.46138200,1569373199999,4003.97825128,8,0.21069100,1824.89248714
1569373200000,8703.63000000,8724.77000000,8677.50000000,8680.10000000,0.60107800,1569374099999,5230.90208754,10,0.33286400,2898.41687274
1569374100000,8683.01000000,8683.01000000,8651.07000000,8651.07000000,0.51274900,1569374999999,4442.46259401,6,0.15039400,1304.90306858
1569375000000,8649.17000000,8679.65000000,8649.17000000,8679.65000000,0.66330700,1569375899999,5751.29098785,9,0.38999400,3381.06900349
1569375900000,8669.88000000,8680.23000000,8669.88000000,8680.23000000,0.29997300,1569376799999,2602.00650244,4,0.14991200,1300.99563976
1569376800000,8691.05000000,8713.23000000,8691.05000000,8713.23000000,0.79873900,1569377699999,6948.96485125,12,0.39905500,3472.53703929
1569377700000,8708.07000000,8708.07000000,8645.17000000,8655.34000000,1.45201300,1569378599999,12586.02060246,22,0.97139600,8415.85026047
1569378600000,8641.42000000,8643.18000000,8610.16000000,8610.16000000,1.33738300,1569379499999,11543.52136971,13,0.60537300,5225.62847869
1569379500000,8581.61000000,8609.09000000,8574.61000000,8586.61000000,1.59974700,1569380399999,13742.59779346,11,0.84981500,7299.37035392
1569380400000,8604.19000000,8616.08000000,8599.34000000,8599.34000000,1.22574400,1569381299999,10552.46089859,20,0.44269900,3810.46800683
1569381300000,8596.13000000,8607.48000000,8588.36000000,8606.96000000,0.76128400,1569382199999,6544.84010829,9,0.46064200,3960.02107137
1569382200000,8607.48000000,8611.93000000,8602.09000000,8602.09000000,0.79769600,1569383099999,6867.58352538,17,0.33719800,2903.42913459
1569383100000,8611.93000000,8613.81000000,8574.77000000,8574.77000000,0.26006700,1569383999999,2237.06624195,6,0.22006700,1893.07424195
1569384000000,8574.77000000,8574.77000000,8574.77000000,8574.77000000,0E-8,1569384899999,0E-8,0,0E-8,0E-8
1569384900000,8518.50000000,8527.79000000,8467.20000000,8467.20000000,3.38519600,1569385799999,28809.87934724,8,1.58148600,13453.61611126
1569385800000,8459.46000000,8470.01000000,8449.88000000,8470.01000000,2.11000500,1569386699999,17851.93606738,7,0.74243200,6288.40421200
1569386700000,8545.11000000,8545.11000000,8523.89000000,8523.89000000,0.48286300,1569387599999,4121.36902931,3,0.25909200,2213.96964012
1569387600000,8523.89000000,8523.89000000,8523.89000000,8523.89000000,0E-8,1569388499999,0E-8,0,0E-8,0E-8
1569388500000,8489.09000000,8489.09000000,8488.49000000,8488.49000000,0.03950000,1569389399999,335.30705500,2,0E-8,0E-8
1569389400000,8486.61000000,8495.11000000,8486.61000000,8495.11000000,1.60608900,1569390299999,13641.94487129,5,1.60608900,13641.94487129
1569390300000,8516.28000000,8516.28000000,8505.17000000,8505.17000000,0.04000000,1569391199999,340.42900000,2,0.02000000,170.10340000
1569391200000,8508.01000000,8508.01000000,8508.01000000,8508.01000000,0.02000000,1569392099999,170.16020000,1,0E-8,0E-8
1569392100000,8532.22000000,8532.22000000,8511.34000000,8511.34000000,1.61608900,1569392999999,13756.91424478,3,0E-8,0E-8
1569393000000,8503.07000000,8508.54000000,8503.07000000,8508.54000000,1.56774600,1569393899999,13333.16952084,4,1.56774600,13333.16952084
1569393900000,8488.06000000,8488.06000000,8482.89000000,8482.89000000,1.58774600,1569394799999,13472.18595933,5,0.02000000,169.65780000
1569394800000,8477.23000000,8478.96000000,8434.71000000,8446.11000000,3.17783000,1569395699999,26878.68959147,6,1.58891500,13471.50752840
1569395700000,8470.67000000,8470.67000000,8467.42000000,8467.42000000,0.04000000,1569396599999,338.76180000,2,0.02000000,169.41340000
1569396600000,8398.52000000,8400.01000000,8331.71000000,8332.55000000,2.28187600,1569397499999,19053.82777167,10,2.17288700,18141.35240041
1569397500000,8355.26000000,8355.26000000,8344.39000000,8344.39000000,1.58874100,1569398399999,13274.05021115,3,0E-8,0E-8
1569398400000,8329.58000000,8385.97000000,8313.92000000,8385.97000000,0.14801500,1569399299999,1231.66474955,4,0.02000000,166.46760000
1569399300000,8385.97000000,8385.97000000,8385.97000000,8385.97000000,0E-8,1569400199999,0E-8,0,0E-8,0E-8
1569400200000,8385.97000000,8385.97000000,8385.97000000,8385.97000000,0E-8,1569401099999,0E-8,0,0E-8,0E-8
1569401100000,8257.35000000,8269.54000000,8257.35000000,8266.16000000,3.23481800,1569401999999,26730.79492801,3,1.60740900,13272.93870615
1569402000000,8270.50000000,8270.50000000,8270.50000000,8270.50000000,0.05611100,1569402899999,464.06602550,3,0.05611100,464.06602550
1569402900000,8270.50000000,8270.50000000,8270.50000000,8270.50000000,0E-8,1569403799999,0E-8,0,0E-8,0E-8
1569403800000,8270.50000000,8270.50000000,8270.50000000,8270.50000000,0E-8,1569404699999,0E-8,0,0E-8,0E-8
1569404700000,8270.50000000,8270.50000000,8270.50000000,8270.50000000,0E-8,1569405599999,0E-8,0,0E-8,0E-8
1569405600000,8403.67000000,8451.57000000,8403.67000000,8438.19000000,0.84285400,1569406499999,7103.58461464,12,0.18934600,1596.43891178
1569406500000,8400.22000000,8400.22000000,8397.60000000,8397.60000000,0.02978200,1569407399999,250.12349962,2,0.02978200,250.12349962
1569407400000,8431.77000000,8431.77000000,8391.96000000,8391.96000000,0.07818900,1569408299999,657.59163788,4,0.03818900,321.03283788
1569408300000,8393.32000000,8406.32000000,8393.32000000,8405.43000000,0.08797100,1569409199999,739.01504043,6,0.04000000,336.12480000
1569409200000,8432.68000000,8432.68000000,8388.72000000,8396.53000000,0.07084500,1569410099999,595.14993070,4,0.02000000,167.77440000
1569410100000,8378.70000000,8378.70000000,8378.70000000,8378.70000000,0.00954800,1569410999999,79.99982760,1,0E-8,0E-8
1569411000000,8336.29000000,8348.52000000,8326.93000000,8348.52000000,0.30000000,1569411899999,2501.12367507,5,0E-8,0E-8
1569411900000,8357.49000000,8357.49000000,8314.48000000,8329.21000000,0.17960700,1569412799999,1498.50174482,5,0.04000000,333.01360000
1569412800000,8307.28000000,8320.19000000,8293.00000000,8298.62000000,0.29406800,1569413699999,2440.60301608,8,0.03453400,286.61280752
1569413700000,8263.55000000,8295.34000000,8263.55000000,8295.34000000,0.35000000,1569414599999,2899.10900000,4,0E-8,0E-8
1569414600000,8316.52000000,8358.61000000,8316.52000000,8340.88000000,0.86919500,1569415499999,7251.56949817,17,0.57912800,4834.70786567
1569415500000,8325.02000000,8325.02000000,8311.19000000,8312.18000000,0.45112100,1569416399999,3751.67881258,6,0.15045000,1250.41904000
1569416400000,8296.02000000,8396.39000000,8296.02000000,8396.39000000,0.78112100,1569417299999,6513.41528759,11,0.48056300,4009.43551305
1569417300000,8383.32000000,8391.57000000,8379.59000000,8391.57000000,0.59838200,1569418199999,5016.99993014,9,0.29908200,2508.39944727
1569418200000,8385.59000000,8385.59000000,8385.59000000,8385.59000000,0.02000000,1569419099999,167.71180000,1,0.02000000,167.71180000
1569419100000,8379.70000000,8389.35000000,8372.01000000,8388.94000000,0.12961000,1569419999999,1086.50990779,11,0.06740800,565.09093603
1569420000000,8391.57000000,8434.70000000,8391.57000000,8434.70000000,0.35073600,1569420899999,2954.10551859,19,0.07105600,598.72293779
1569420900000,8441.96000000,8441.96000000,8408.90000000,8429.40000000,1.97331400,1569421799999,16619.23655139,46,1.87951500,15827.79114535
1569421800000,8415.86000000,8419.79000000,8412.50000000,8414.05000000,0.34112500,1569422699999,2871.10845085,22,0.34112500,2871.10845085
1569422700000,8403.81000000,8403.81000000,8381.01000000,8384.04000000,0.18070800,1569423599999,1517.52255768,6,0.14438900,1212.54407659
1569423600000,8375.00000000,8387.37000000,8373.75000000,8387.37000000,0.06000000,1569424499999,502.72240000,3,0.02000000,167.50000000
1569424500000,8395.04000000,8417.29000000,8395.04000000,8417.29000000,0.15550700,1569425399999,1306.77008167,5,0.13550700,1138.42428167
1569425400000,8391.98000000,8417.29000000,8372.16000000,8373.32000000,2.23623000,1569426299999,18786.03896271,51,1.93769200,16273.15804069
1569426300000,8347.07000000,8347.07000000,8325.99000000,8325.99000000,0.42960000,1569427199999,3579.36931635,9,0.22960000,1914.17131635
1569427200000,8332.35000000,8339.30000000,8247.78000000,8268.82000000,0.17718000,1569428099999,1470.97480762,8,0.12697700,1052.98513165
1569428100000,8306.28000000,8306.28000000,8306.28000000,8306.28000000,0.05000000,1569428999999,415.31400000,1,0.05000000,415.31400000
1569429000000,8336.60000000,8336.60000000,8334.42000000,8334.42000000,0.08000000,1569429899999,666.80231428,2,0E-8,0E-8
1569429900000,8312.11000000,8334.42000000,8307.49000000,8334.42000000,0.12520700,1569430799999,1042.12404822,6,0.10520700,875.97424822
1569430800000,8372.40000000,8395.69000000,8370.83000000,8381.62000000,0.13305200,1569431699999,1114.98694987,9,0.07305200,611.89594987
1569431700000,8394.62000000,8394.62000000,8379.69000000,8379.69000000,0.05158200,1569432599999,432.69894254,4,0.01158200,97.05356958
1569432600000,8355.43000000,8355.84000000,8351.55000000,8351.55000000,0.04120000,1569433499999,344.24726000,3,0.02000000,167.10860000
1569433500000,8338.45000000,8380.38000000,8338.45000000,8360.98000000,0.25928100,1569434399999,2168.02148003,17,0.04000000,333.99101033
1569434400000,8385.30000000,8386.94000000,8370.63000000,8370.63000000,0.11758500,1569435299999,985.58474138,7,0.00933600,78.14820168
1569435300000,8381.18000000,8389.17000000,8359.97000000,8359.97000000,0.23994600,1569436199999,2010.27611997,8,0.00995600,83.52257652
1569436200000,8355.70000000,8355.70000000,8353.62000000,8353.62000000,0.06415900,1569437099999,535.99404046,2,0.01641100,137.12539270
1569437100000,8353.91000000,8370.75000000,8327.11000000,8336.96000000,1.78911100,1569437999999,14917.98728307,58,1.46589500,12221.50280529
1569438000000,8351.55000000,8351.55000000,8328.42000000,8328.42000000,0.09906900,1569438899999,826.22577295,6,0.03699500,308.72800215
1569438900000,8336.11000000,8336.11000000,8336.11000000,8336.11000000,0.00523600,1569439799999,43.64787196,1,0.00523600,43.64787196
1569439800000,8332.08000000,8332.53000000,8332.08000000,8332.53000000,0.03476400,1569440699999,289.66542912,2,0.01476400,123.01482912
1569440700000,8332.53000000,8332.53000000,8332.53000000,8332.53000000,0E-8,1569441599999,0E-8,0,0E-8,0E-8
1569441600000,8356.20000000,8364.38000000,8356.20000000,8364.38000000,0.12412000,1569442499999,1037.76144661,4,0.12412000,1037.76144661
1569442500000,8400.00000000,8456.67000000,8400.00000000,8456.67000000,0.15999000,1569443399999,1352.00400000,4,0.15999000,1352.00400000
1569443400000,8476.00000000,8504.86000000,8476.00000000,8504.86000000,1.10000000,1569444299999,9326.37290817,14,1.00000000,8476.00000000
1569444300000,8482.20000000,8497.33000000,8482.20000000,8494.72000000,0.06000000,1569445199999,509.48500000,3,0.04000000,339.53840000
1569445200000,8487.95000000,8487.95000000,8476.96000000,8476.96000000,0.12000000,1569446099999,1017.70520000,5,0.02000000,169.53920000
1569446100000,8476.96000000,8514.65000000,8476.96000000,8514.65000000,0.02010300,1569446999999,171.16612688,2,0.00010300,0.87312688
1569447000000,8531.81000000,8531.81000000,8531.81000000,8531.81000000,0.05000000,1569447899999,426.59050000,1,0.05000000,426.59050000
1569447900000,8531.81000000,8579.62000000,8531.81000000,8579.62000000,0.71888700,1569448799999,6146.99094439,21,0.20014500,1715.50820746
1569448800000,8582.18000000,8617.59000000,8558.50000000,8558.64000000,0.84271800,1569449699999,7246.64499772,13,0.48912000,4200.18240890
1569449700000,8507.24000000,8529.93000000,8507.22000000,8512.78000000,0.48155800,1569450599999,4098.54192177,6,0E-8,0E-8
1569450600000,8464.31000000,8468.87000000,8464.31000000,8468.87000000,0.04137300,1569451499999,350.29048965,3,0.04137300,350.29048965
1569451500000,8460.93000000,8460.93000000,8431.58000000,8431.58000000,0.24982000,1569452399999,2109.70064004,10,0.02000000,168.72900000
1569452400000,8382.67000000,8382.67000000,8344.24000000,8375.96000000,0.22000000,1569453299999,1839.67340000,3,0.12000000,1002.07740000
1569453300000,8375.96000000,8375.96000000,8375.96000000,8375.96000000,0E-8,1569454199999,0E-8,0,0E-8,0E-8
1569454200000,8383.98000000,8431.17000000,8383.15000000,8422.51000000,0.80577900,1569455099999,6758.95875324,7,0.04000000,336.72840000
1569455100000,8446.60000000,8452.05000000,8425.30000000,8435.28000000,0.27898200,1569455999999,2354.59220929,10,0.02000000,168.56060000
1569456000000,8434.45000000,8440.11000000,8395.51000000,8423.99000000,0.37809000,1569456899999,3183.83358368,9,0.04000000,336.59920000
1569456900000,8436.62000000,8443.23000000,8427.86000000,8427.86000000,0.49784600,1569457799999,4202.80032194,6,0.43462600,3669.41420554
1569457800000,8412.46000000,8412.46000000,8393.11000000,8407.31000000,0.84044300,1569458699999,7064.04903185,20,0.56044300,4708.71883185
1569458700000,8400.67000000,8400.67000000,8376.81000000,8376.81000000,0.05368300,1569459599999,450.16949123,3,0E-8,0E-8
1569459600000,8379.65000000,8406.95000000,8362.20000000,8406.95000000,0.09714300,1569460499999,813.78099460,5,0.04000000,334.84900000
1569460500000,8394.60000000,8394.60000000,8390.19000000,8390.19000000,0.04000000,1569461399999,335.69580000,2,0E-8,0E-8
1569461400000,8365.73000000,8384.05000000,8365.73000000,8384.05000000,0.35888700,1569462299999,3007.16494904,4,0.02000000,167.52020000
1569462300000,8359.60000000,8361.69000000,8359.60000000,8361.69000000,0.04000000,1569463199999,334.42580000,2,0.02000000,167.19200000
1569463200000,8353.56000000,8361.63000000,8350.99000000,8350.99000000,0.27038000,1569464099999,2258.74860050,5,0.10095500,843.79311975
1569464100000,8352.87000000,8352.87000000,8325.53000000,8325.53000000,0.20933800,1569464999999,1747.73270006,4,0.16933800,1414.23790006
1569465000000,8349.67000000,8360.28000000,8349.67000000,8360.28000000,0.06000000,1569465899999,501.32880000,3,0.04000000,334.12320000
1569465900000,8360.87000000,8381.46000000,8360.87000000,8371.76000000,0.93854400,1569466799999,7856.57369944,30,0.08702000,728.25853120
1569466800000,8363.68000000,8363.68000000,8363.68000000,8363.68000000,0.02000000,1569467699999,167.27360000,1,0E-8,0E-8
1569467700000,8354.29000000,8373.71000000,8352.64000000,8369.67000000,0.57291100,1569468599999,4792.75428851,24,0.01252400,104.60846336
1569468600000,8371.66000000,8395.42000000,8371.66000000,8395.42000000,0.06172500,1569469499999,517.40070134,3,0.03744100,313.52632206
1569469500000,8360.20000000,8377.25000000,8360.20000000,8368.50000000,0.09266800,1569470399999,775.58770252,5,0.02000000,167.35680000
1569470400000,8356.05000000,8356.05000000,8343.41000000,8352.28000000,0.09981000,1569471299999,833.47815210,5,0.02000000,166.91980000
1569471300000,8352.71000000,8359.39000000,8352.71000000,8359.39000000,0.04000000,1569472199999,334.24200000,2,0.02000000,167.05420000
1569472200000,8372.62000000,8372.62000000,8372.62000000,8372.62000000,0.31606900,1569473099999,2646.32563078,1,0E-8,0E-8
1569473100000,8365.99000000,8365.99000000,8365.99000000,8365.99000000,0.00694300,1569473999999,58.08506857,1,0E-8,0E-8
1569474000000,8365.99000000,8365.99000000,8365.99000000,8365.99000000,0E-8,1569474899999,0E-8,0,0E-8,0E-8
1569474900000,8390.59000000,8398.45000000,8390.59000000,8398.45000000,0.04000000,1569475799999,335.78080000,2,0.02000000,167.81180000
1569475800000,8383.91000000,8419.45000000,8383.91000000,8419.45000000,0.16459300,1569476699999,1381.66982931,4,0E-8,0E-8
1569476700000,8399.89000000,8399.89000000,8389.78000000,8389.78000000,0.44852700,1569477599999,3767.37526203,2,0.44852700,3767.37526203
1569477600000,8395.12000000,8412.94000000,8395.12000000,8412.94000000,0.22095500,1569478499999,1856.83215770,6,0.06000000,503.81940000
1569478500000,8415.55000000,8420.45000000,8411.08000000,8420.45000000,0.09310200,1569479399999,783.40904605,5,0.05756900,484.30709268
1569479400000,8429.97000000,8429.97000000,8423.16000000,8423.16000000,0.06033500,1569480299999,508.42875860,3,0.02000000,168.59940000
1569480300000,8418.28000000,8418.28000000,8396.60000000,8396.60000000,0.11875800,1569481199999,999.38006284,3,0E-8,0E-8
1569481200000,8401.08000000,8403.60000000,8401.08000000,8403.60000000,0.29837500,1569482099999,2507.35245600,2,0.02845000,239.01072600
1569482100000,8390.63000000,8393.30000000,8390.63000000,8393.30000000,0.04000000,1569482999999,335.67860000,2,0.02000000,167.81260000
1569483000000,8395.72000000,8395.72000000,8387.48000000,8388.00000000,0.07775600,1569483899999,652.34628968,5,0.07515900,630.56171876
1569483900000,8381.61000000,8381.61000000,8368.71000000,8380.00000000,0.21797600,1569484799999,1826.48254065,3,0.19643100,1645.90075320
1569484800000,8370.00000000,8413.86000000,8370.00000000,8413.86000000,0.86345000,1569485699999,7242.58798498,7,0.29307800,2463.27020408
1569485700000,8413.86000000,8413.86000000,8405.20000000,8408.70000000,0.10284800,1569486599999,865.02324862,4,0.01760100,147.93992520
1569486600000,8395.52000000,8395.52000000,8395.52000000,8395.52000000,0.01358300,1569487499999,114.03634816,1,0E-8,0E-8
1569487500000,8411.74000000,8411.75000000,8411.74000000,8411.75000000,0.04000000,1569488399999,336.46980000,2,0.02000000,168.23480000
1569488400000,8419.63000000,8422.89000000,8416.24000000,8416.24000000,0.16502800,1569489299999,1389.50881814,7,0.05326100,448.56710339
1569489300000,8413.19000000,8413.19000000,8413.19000000,8413.19000000,0.10000000,1569490199999,841.31900000,1,0E-8,0E-8
1569490200000,8413.00000000,8437.07000000,8413.00000000,8437.07000000,0.07005100,1569491099999,590.32439057,4,0.05005100,421.80239057
1569491100000,8453.20000000,8453.20000000,8440.87000000,8440.87000000,0.10209700,1569491999999,862.03410439,2,0.08209700,692.97010439
1569492000000,8441.93000000,8441.93000000,8423.31000000,8428.60000000,0.23522300,1569492899999,1983.99812191,7,0.10740200,905.36614616
1569492900000,8426.14000000,8430.62000000,8426.14000000,8430.62000000,0.04000000,1569493799999,337.13520000,2,0.02000000,168.52280000
1569493800000,8420.63000000,8425.37000000,8420.63000000,8425.37000000,0.26853400,1569494699999,2261.39785268,5,0.26853400,2261.39785268
1569494700000,8448.81000000,8451.23000000,8448.81000000,8451.23000000,0.06864900,1569495599999,580.12008827,3,0.02000000,168.97620000
1569495600000,8441.88000000,8441.88000000,8441.88000000,8441.88000000,0.02867900,1569496499999,242.10467652,1,0.02867900,242.10467652
1569496500000,8428.47000000,8433.45000000,8428.47000000,8433.45000000,0.06153900,1569497399999,518.87881533,2,0.04000000,337.33800000
1569497400000,8420.07000000,8420.07000000,8401.55000000,8406.91000000,0.33830100,1569498299999,2846.42442445,12,0.33830100,2846.42442445
1569498300000,8399.60000000,8399.60000000,8399.60000000,8399.60000000,0.01204100,1569499199999,101.13958360,1,0E-8,0E-8
1569499200000,8388.70000000,8409.67000000,8388.70000000,8409.67000000,0.06867900,1569500099999,576.60292730,3,0.02000000,167.83000000
1569500100000,8429.67000000,8429.67000000,8426.89000000,8426.89000000,0.02091900,1569500999999,176.31753189,2,0E-8,0E-8
1569501000000,8410.36000000,8410.36000000,8410.36000000,8410.36000000,0.01524100,1569501899999,128.18229676,1,0.01524100,128.18229676
1569501900000,8417.59000000,8417.59000000,8417.59000000,8417.59000000,0.01846300,1569502799999,155.41396417,1,0E-8,0E-8
1569502800000,8422.21000000,8424.81000000,8409.57000000,8409.57000000,0.04592100,1569503699999,386.74335179,4,0.04293300,361.61555663
1569503700000,8410.25000000,8410.25000000,8337.32000000,8337.32000000,0.24843000,1569504599999,2078.51905810,10,0.22843000,1910.31405810
1569504600000,8330.37000000,8330.37000000,8067.02000000,8249.81000000,1.97730900,1569505499999,16191.16495915,53,1.16615300,9540.06131698
1569505500000,8235.80000000,8236.74000000,8194.63000000,8225.34000000,0.10724600,1569506399999,881.68414747,6,0.10724600,881.68414747
1569506400000,8304.84000000,8342.12000000,8299.76000000,8322.10000000,0.15397000,1569507299999,1281.78650645,9,0.09872600,821.25605655
1569507300000,8322.10000000,8322.10000000,8322.10000000,8322.10000000,0E-8,1569508199999,0E-8,0,0E-8,0E-8
1569508200000,8241.96000000,8253.52000000,8233.00000000,8253.52000000,2.12832000,1569509099999,17536.75279262,15,0.05000000,411.65000000
1569509100000,8189.56000000,8191.59000000,8109.22000000,8110.05000000,0.14478100,1569509999999,1177.22013986,14,0.14478100,1177.22013986
1569510000000,8173.43000000,8224.74000000,8143.15000000,8221.93000000,0.35014000,1569510899999,2873.17351018,12,0.03823000,311.68942574
1569510900000,8214.17000000,8218.54000000,8193.71000000,8193.71000000,0.13992300,1569511799999,1149.02917242,3,0.11992300,985.15497242
1569511800000,8177.05000000,8192.46000000,8099.53000000,8132.30000000,0.33115300,1569512699999,2694.48486402,13,0.22115300,1797.87296402
1569512700000,8150.00000000,8152.75000000,7870.89000000,7938.60000000,3.47777800,1569513599999,27723.17076788,103,1.88275200,14973.38971527
1569513600000,7899.29000000,8000.65000000,7885.82000000,7959.80000000,1.24435200,1569514499999,9908.35410116,23,0.69677100,5541.62106037
1569514500000,7960.03000000,7967.90000000,7761.87000000,7823.30000000,0.72665100,1569515399999,5681.02875747,26,0.39797700,3108.54559648
1569515400000,7772.44000000,7880.49000000,7770.70000000,7880.49000000,2.21811700,1569516299999,17408.60084086,29,0.32238700,2524.52213680
1569516300000,7926.69000000,7940.80000000,7916.11000000,7940.80000000,0.13033600,1569517199999,1033.12963558,4,0.11033600,874.74510880
1569517200000,7910.21000000,7971.12000000,7876.22000000,7970.79000000,0.13567400,1569518099999,1078.73843927,4,0.01567400,123.45187228
1569518100000,7969.75000000,7970.93000000,7935.87000000,7935.87000000,0.20486800,1569518999999,1630.94752020,5,0.05000000,398.54650000
1569519000000,7935.53000000,7935.53000000,7935.53000000,7935.53000000,0.02000000,1569519899999,158.71060000,1,0E-8,0E-8
1569519900000,7907.18000000,7916.71000000,7907.18000000,7916.71000000,0.12164400,1569520799999,962.40770816,3,0.03031000,239.76488010
1569520800000,7940.16000000,7966.61000000,7940.16000000,7966.61000000,0.20471000,1569521699999,1629.84122811,7,0.10471000,833.18022811
1569521700000,7921.30000000,7921.30000000,7921.30000000,7921.30000000,0.01843000,1569522599999,145.98955900,1,0.01843000,145.98955900
1569522600000,7947.67000000,8068.39000000,7947.67000000,8051.79000000,0.46564100,1569523499999,3730.26882907,9,0.15142800,1207.10247276
1569523500000,8050.70000000,8165.99000000,8036.44000000,8119.32000000,2.86277800,1569524399999,23260.63875154,69,2.39898300,19479.66950705
1569524400000,8101.90000000,8101.90000000,8049.96000000,8094.43000000,1.97785000,1569525299999,15942.48775231,16,0.20525800,1660.68887666
1569525300000,8094.43000000,8094.43000000,8094.43000000,8094.43000000,0E-8,1569526199999,0E-8,0,0E-8,0E-8
1569526200000,8069.11000000,8094.05000000,8067.85000000,8094.05000000,2.00390700,1569527099999,16196.82429060,46,1.61214400,13028.26143992
1569527100000,8113.84000000,8113.84000000,8113.84000000,8113.84000000,0.01925200,1569527999999,156.20764768,1,0.01925200,156.20764768
1569528000000,8102.36000000,8109.92000000,8102.36000000,8107.15000000,0.27020300,1569528899999,2190.62682605,6,0E-8,0E-8
1569528900000,8114.81000000,8153.33000000,8114.81000000,8147.44000000,0.02649800,1569529799999,215.26260200,5,0.02649800,215.26260200
1569529800000,8119.21000000,8131.00000000,8112.99000000,8112.99000000,0.26645900,1569530699999,2162.38606124,15,0.05651700,458.79050528
1569530700000,8108.31000000,8108.31000000,8083.90000000,8083.90000000,1.14284500,1569531599999,9241.23915719,16,0.65857700,5324.07997487
1569531600000,8083.90000000,8083.90000000,8013.00000000,8013.00000000,0.17953100,1569532499999,1445.73612280,14,0.13900600,1121.00929780
1569532500000,8024.14000000,8047.28000000,8022.73000000,8046.50000000,1.90100500,1569533399999,15276.05200789,50,1.55952200,12532.80084451
1569533400000,8050.39000000,8050.39000000,8049.74000000,8049.74000000,0.20000000,1569534299999,1609.95549775,3,0E-8,0E-8
1569534300000,8049.74000000,8049.74000000,8049.74000000,8049.74000000,0E-8,1569535199999,0E-8,0,0E-8,0E-8
1569535200000,8053.10000000,8053.10000000,8034.76000000,8046.09000000,0.25779600,1569536099999,2073.62958228,5,0.23779600,1912.70778228
1569536100000,8033.53000000,8052.28000000,8033.53000000,8047.56000000,0.23427100,1569536999999,1885.07897895,7,0.21026600,1692.06399158
1569537000000,8062.60000000,8075.89000000,8062.60000000,8073.53000000,0.67785000,1569537899999,5472.75343525,3,0.01142500,92.11520500
1569537900000,8074.00000000,8121.71000000,8069.76000000,8110.56000000,1.82303800,1569538799999,14766.11680909,67,0.16011300,1298.50019364
1569538800000,8125.29000000,8125.29000000,8098.84000000,8101.27000000,1.02416100,1569539699999,8316.03668191,15,0.04392700,356.08303506
1569539700000,8099.38000000,8110.86000000,8090.58000000,8099.93000000,1.81289100,1569540599999,14686.88004737,47,1.79369400,14531.49377027
1569540600000,8105.33000000,8125.53000000,8087.92000000,8087.92000000,1.02379200,1569541499999,8303.36777515,38,0.58241700,4722.59800472
1569541500000,8102.31000000,8102.31000000,8064.41000000,8064.41000000,0.17237600,1569542399999,1395.43360107,6,0.17237600,1395.43360107
1569542400000,8078.75000000,8095.87000000,8067.76000000,8068.82000000,0.26519900,1569543299999,2141.99995477,6,0.01813500,146.32805070
1569543300000,8067.77000000,8086.98000000,8063.11000000,8086.98000000,1.76013200,1569544199999,14198.72102161,11,0.17590600,1421.95060516
1569544200000,8082.12000000,8082.12000000,8075.77000000,8077.33000000,0.27393500,1569545099999,2212.75058638,6,0.10772500,870.03026725
1569545100000,8037.23000000,8046.03000000,7965.68000000,7981.81000000,3.98437600,1569545999999,31899.51625882,24,2.03209200,16329.71645431
1569546000000,7994.67000000,8000.00000000,7951.75000000,8000.00000000,0.93756600,1569546899999,7494.74569519,13,0.90709600,7251.22701633
1569546900000,7987.17000000,7987.17000000,7953.92000000,7955.76000000,0.76718200,1569547799999,6112.59169188,10,0.38884300,3099.06120740
1569547800000,7973.86000000,7988.82000000,7973.86000000,7978.06000000,0.43353200,1569548699999,3460.66184395,21,0.27760200,2215.27826627
1569548700000,7973.61000000,7988.41000000,7973.54000000,7988.41000000,0.07436600,1569549599999,593.72376785,3,0.02307100,183.95827690
1569549600000,8009.33000000,8020.39000000,8008.62000000,8011.06000000,0.36016600,1569550499999,2885.97988489,9,0.23143000,1854.37634456
1569550500000,8002.58000000,8002.58000000,7986.30000000,7987.73000000,0.83095900,1569551399999,6640.43495207,15,0.46182000,3690.07661120
1569551400000,7987.74000000,7993.08000000,7986.30000000,7986.30000000,0.62739800,1569552299999,5013.02889416,27,0.38095600,3043.82114956
1569552300000,7986.54000000,8002.91000000,7986.31000000,7998.24000000,0.73069500,1569553199999,5842.50898820,39,0.54723400,4376.41934116
1569553200000,8000.84000000,8003.76000000,7999.67000000,8002.96000000,0.17803300,1569554099999,1424.46179545,5,0.15244900,1219.69889401
1569554100000,8015.41000000,8048.13000000,8013.23000000,8048.08000000,0.08447700,1569554999999,678.30800595,6,0.01092700,87.72578045
1569555000000,8026.32000000,8026.32000000,8026.32000000,8026.32000000,0.01080400,1569555899999,86.71636128,1,0.01080400,86.71636128
1569555900000,8032.92000000,8032.92000000,8008.85000000,8015.18000000,0.10937700,1569556799999,876.63412128,4,0.08937700,716.37332128
1569556800000,8027.54000000,8030.43000000,8012.84000000,8012.84000000,0.25405700,1569557699999,2039.25794800,11,0.08888300,713.65345539
1569557700000,8011.13000000,8011.34000000,7986.90000000,7988.63000000,0.35554700,1569558599999,2842.47644921,16,0.26989200,2157.29667275
1569558600000,7989.91000000,7996.10000000,7986.30000000,7986.30000000,0.13308200,1569559499999,1063.41031764,8,0.02679900,214.08297666
1569559500000,7986.31000000,7986.31000000,7986.31000000,7986.31000000,0.02000000,1569560399999,159.72620000,1,0.02000000,159.72620000
1569560400000,7986.31000000,7986.60000000,7975.58000000,7975.58000000,1.26496500,1569561299999,10094.96472363,23,1.13242500,9036.46300460
1569561300000,7975.58000000,7982.60000000,7975.58000000,7981.28000000,0.30291500,1569562199999,2417.64958318,7,0.05707300,455.44388330
1569562200000,7966.37000000,7991.96000000,7966.37000000,7983.55000000,0.14581800,1569563099999,1163.72007189,9,0.07257000,579.65035313
1569563100000,7989.90000000,7989.90000000,7974.19000000,7974.19000000,0.13662000,1569563999999,1090.11060900,5,0.10409900,830.27107110
1569564000000,7986.23000000,7996.58000000,7986.23000000,7996.58000000,0.02122200,1569564899999,169.61342751,2,0.01252700,100.17315766
1569564900000,8001.94000000,8001.94000000,7994.88000000,7994.88000000,0.03776200,1569565799999,302.04385856,2,0.01776200,142.00505856
1569565800000,8003.13000000,8003.13000000,8003.13000000,8003.13000000,0.01607500,1569566699999,128.65031475,1,0.01607500,128.65031475
1569566700000,8003.13000000,8003.13000000,8003.13000000,8003.13000000,0E-8,1569567599999,0E-8,0,0E-8,0E-8
1569567600000,8044.41000000,8044.41000000,8044.41000000,8044.41000000,0.00945800,1569568499999,76.08402978,1,0.00945800,76.08402978
1569568500000,8053.49000000,8062.34000000,8053.49000000,8062.34000000,0.04055500,1569569399999,326.78628695,2,0E-8,0E-8
1569569400000,8058.45000000,8081.43000000,8058.45000000,8073.30000000,0.11889300,1569570299999,959.42386282,5,0.06889300,556.50136282
1569570300000,8074.12000000,8074.12000000,8063.76000000,8063.76000000,0.03797300,1569571199999,306.39505728,2,0.01964300,158.39643768
1569571200000,8064.20000000,8096.89000000,8064.20000000,8096.66000000,0.25899000,1569572099999,2093.47819778,10,0.19000000,1535.49700000
1569572100000,8120.92000000,8120.92000000,8094.21000000,8094.21000000,0.17000000,1569572999999,1379.71020000,3,0.02000000,161.88420000
1569573000000,8102.07000000,8102.07000000,8102.07000000,8102.07000000,0.02000000,1569573899999,162.04140000,1,0E-8,0E-8
1569573900000,8072.06000000,8072.06000000,8072.06000000,8072.06000000,0.01039300,1569574799999,83.89291958,1,0E-8,0E-8
1569574800000,8043.37000000,8044.53000000,8043.37000000,8044.53000000,0.12000000,1569575699999,965.32040000,2,0.02000000,160.86740000
1569575700000,8044.53000000,8044.53000000,8044.53000000,8044.53000000,0E-8,1569576599999,0E-8,0,0E-8,0E-8
1569576600000,8021.97000000,8021.97000000,8021.97000000,8021.97000000,0.00419600,1569577499999,33.66018612,1,0.00419600,33.66018612
1569577500000,8021.97000000,8021.97000000,8021.97000000,8021.97000000,0E-8,1569578399999,0E-8,0,0E-8,0E-8
1569578400000,8056.20000000,8061.07000000,8042.34000000,8042.68000000,0.08868900,1569579299999,714.18723718,5,0.02983800,240.24788584
1569579300000,8042.68000000,8042.68000000,8042.68000000,8042.68000000,0E-8,1569580199999,0E-8,0,0E-8,0E-8
1569580200000,8067.19000000,8077.33000000,8061.75000000,8065.91000000,0.10980100,1569581099999,886.07301175,6,0.04980100,401.92301175
1569581100000,8053.17000000,8057.55000000,8053.17000000,8057.31000000,0.20185000,1569581999999,1626.17302192,5,0.14790700,1191.67186666
1569582000000,8059.34000000,8059.34000000,8027.84000000,8031.80000000,0.27161100,1569582899999,2185.00957942,11,0.10194500,819.75104705
1569582900000,8006.29000000,8006.29000000,7971.32000000,7995.46000000,0.21018700,1569583799999,1678.32753185,9,0.08157700,650.92740764
1569583800000,7985.92000000,7992.37000000,7978.57000000,7978.57000000,0.18262400,1569584699999,1457.81814096,5,0.05131200,409.70405152
1569584700000,7976.29000000,7991.28000000,7976.29000000,7988.61000000,0.07963900,1569585599999,636.03214792,4,0.04000000,319.29800000
1569585600000,7982.71000000,7991.89000000,7957.17000000,7991.89000000,0.36569300,1569586499999,2915.00414275,15,0.19160900,1527.35885182
1569586500000,7999.72000000,7999.72000000,7999.72000000,7999.72000000,0.03752500,1569587399999,300.18949300,1,0E-8,0E-8
1569587400000,8028.11000000,8028.77000000,7985.47000000,7985.47000000,0.29427900,1569588299999,2355.92325502,10,0.28695500,2297.43767274
1569588300000,7983.81000000,7995.09000000,7983.81000000,7995.09000000,0.05003600,1569589199999,399.90239532,3,0.01213900,96.91546959
1569589200000,8013.35000000,8017.45000000,8005.83000000,8005.83000000,0.15011800,1569590099999,1202.54101413,5,0.06458200,517.25371577
1569590100000,8000.49000000,8026.47000000,7997.71000000,8026.47000000,0.17796100,1569590999999,1426.38928252,9,0.11529000,923.93568377
1569591000000,8022.97000000,8022.97000000,8020.54000000,8020.54000000,0.04090600,1569591899999,328.13680924,2,0E-8,0E-8
1569591900000,7999.42000000,7999.42000000,7995.63000000,7995.63000000,0.13087700,1569592799999,1046.84643081,4,0.02988700,238.98500501
1569592800000,8032.82000000,8084.33000000,8032.82000000,8073.31000000,0.22767400,1569593699999,1834.97283716,9,0.17787800,1433.81032392
1569593700000,8025.17000000,8025.17000000,7962.62000000,7967.02000000,0.22077100,1569594599999,1765.80474355,7,0.08368400,669.74958251
1569594600000,8004.02000000,8004.02000000,8004.02000000,8004.02000000,0.01083900,1569595499999,86.75557278,1,0.01083900,86.75557278
1569595500000,7984.89000000,7984.89000000,7961.57000000,7961.58000000,1.43907800,1569596399999,11458.33611705,15,0.23347200,1859.08186008
1569596400000,7961.04000000,7961.36000000,7955.12000000,7958.23000000,0.40285600,1569597299999,3207.10536625,9,0.39197200,3120.45414169
1569597300000,7918.92000000,7935.10000000,7918.92000000,7935.10000000,0.02995700,1569598199999,237.55068644,2,0.02000000,158.70200000
1569598200000,7949.11000000,7949.11000000,7858.58000000,7891.16000000,1.81948200,1569599099999,14357.19577245,17,0.06134500,482.87257130
1569599100000,7970.18000000,7970.18000000,7970.18000000,7970.18000000,0.01784000,1569599999999,142.18801120,1,0.01784000,142.18801120
1569600000000,7980.22000000,8009.99000000,7954.17000000,7995.35000000,0.12948300,1569600899999,1034.16696550,9,0.06186400,494.45047664
1569600900000,7987.23000000,8016.62000000,7982.38000000,8016.52000000,0.18589800,1569601799999,1487.82777366,14,0.12485200,998.98055386
1569601800000,7993.44000000,8043.68000000,7993.44000000,8031.67000000,2.55635000,1569602699999,20496.85416252,58,1.88251300,15094.47430887
1569602700000,8027.20000000,8038.76000000,7999.62000000,7999.62000000,2.76241300,1569603599999,22159.36396082,72,1.71751100,13790.47395500
1569603600000,8002.66000000,8007.00000000,7996.04000000,7996.04000000,0.20935700,1569604499999,1675.78786744,5,0.08662300,693.45697292
1569604500000,7980.75000000,8003.52000000,7980.75000000,7994.83000000,0.17814800,1569605399999,1424.07731171,10,0.16797700,1342.79474811
1569605400000,8022.46000000,8027.22000000,8022.46000000,8027.22000000,0.41173100,1569606299999,3303.29481016,7,0.29173100,2340.59961016
1569606300000,8045.79000000,8045.79000000,8022.46000000,8031.30000000,0.21599200,1569607199999,1734.22894626,7,0.05079100,408.17073180
1569607200000,8032.38000000,8034.48000000,8022.46000000,8034.48000000,0.26046500,1569608099999,2091.51381327,6,0.04133000,331.72923527
1569608100000,8043.10000000,8050.23000000,8039.46000000,8050.23000000,0.28520100,1569608999999,2293.56275550,6,0E-8,0E-8
1569609000000,8046.21000000,8046.21000000,8046.21000000,8046.21000000,0.07391500,1569609899999,594.73561215,1,0E-8,0E-8
1569609900000,8014.43000000,8025.86000000,8014.43000000,8025.86000000,0.04486000,1569610799999,359.75102274,4,0.04486000,359.75102274
1569610800000,8029.80000000,8039.94000000,8014.21000000,8014.21000000,0.73333400,1569611699999,5891.94578693,11,0.73333400,5891.94578693
1569611700000,8014.21000000,8014.21000000,8014.21000000,8014.21000000,0E-8,1569612599999,0E-8,0,0E-8,0E-8
1569612600000,8014.21000000,8014.21000000,8014.21000000,8014.21000000,0E-8,1569613499999,0E-8,0,0E-8,0E-8
1569613500000,8056.82000000,8056.82000000,7999.85000000,7999.85000000,1.92946700,1569614399999,15505.34291710,40,1.21364000,9740.16976956
1569614400000,7983.20000000,7983.20000000,7983.20000000,7983.20000000,0.00332600,1569615299999,26.55212320,1,0.00332600,26.55212320
1569615300000,8041.71000000,8041.71000000,8041.71000000,8041.71000000,0.01755900,1569616199999,141.20438589,1,0.01755900,141.20438589
1569616200000,8042.80000000,8086.84000000,8037.23000000,8049.28000000,1.82807100,1569617099999,14736.94175458,30,1.08555600,8766.60344001
1569617100000,8044.31000000,8057.20000000,8044.31000000,8057.20000000,0.57817800,1569617999999,4654.94816131,14,0.57817800,4654.94816131
1569618000000,8071.79000000,8097.72000000,8071.79000000,8090.90000000,0.09172100,1569618899999,741.39901561,8,0.02653300,214.45688001
1569618900000,8078.82000000,8157.34000000,8078.82000000,8150.38000000,0.19493200,1569619799999,1585.69447390,10,0.06401300,518.73750466
1569619800000,8126.08000000,8240.44000000,8126.08000000,8240.44000000,4.28473800,1569620699999,35041.20798665,41,1.84051800,15147.66620578
1569620700000,8250.00000000,8259.96000000,8187.68000000,8208.84000000,4.65373800,1569621599999,38230.87172652,58,2.51890500,20704.86999284
1569621600000,8193.65000000,8193.65000000,8184.92000000,8184.92000000,0.14146600,1569622499999,1158.89939885,8,0.12855500,1053.22389673
1569622500000,8196.19000000,8254.49000000,8196.19000000,8239.01000000,0.05559700,1569623399999,458.62549367,5,0.00300000,24.58857000
1569623400000,8213.52000000,8214.08000000,8205.70000000,8205.90000000,0.08070100,1569624299999,662.38242589,7,0.08070100,662.38242589
1569624300000,8208.60000000,8215.41000000,8174.03000000,8174.03000000,0.61245000,1569625199999,5019.37763653,47,0.53539600,4388.46695791
1569625200000,8174.82000000,8174.82000000,8139.46000000,8163.81000000,2.17024500,1569626099999,17685.67784455,28,0.22852900,1866.39125667
1569626100000,8161.16000000,8165.77000000,8155.16000000,8155.16000000,0.93857500,1569626999999,7659.70055485,11,0.16233100,1324.39100281
1569627000000,8155.16000000,8155.16000000,8155.16000000,8155.16000000,0E-8,1569627899999,0E-8,0,0E-8,0E-8
1569627900000,8177.21000000,8178.73000000,8177.21000000,8178.73000000,0.04798200,1569628799999,392.39930958,3,0.04798200,392.39930958
1569628800000,8199.40000000,8201.59000000,8198.67000000,8200.00000000,0.24262700,1569629699999,1989.56236760,9,0.01392600,114.17467842
1569629700000,8178.32000000,8183.60000000,8162.33000000,8183.60000000,0.82647200,1569630599999,6751.53602265,8,0.21251000,1735.29864025
1569630600000,8198.75000000,8198.75000000,8198.75000000,8198.75000000,0.00907900,1569631499999,74.43645125,1,0E-8,0E-8
1569631500000,8182.75000000,8200.18000000,8179.06000000,8200.18000000,0.16747500,1569632399999,1372.19245327,7,0.06747500,552.17445327
1569632400000,8197.31000000,8197.31000000,8192.86000000,8192.86000000,0.11577600,1569633299999,948.98155936,2,0E-8,0E-8
1569633300000,8189.47000000,8189.47000000,8177.09000000,8177.09000000,0.03494700,1569634199999,286.01163381,2,0.01500600,122.70541254
1569634200000,8170.92000000,8171.80000000,8168.78000000,8168.78000000,0.04049400,1569635099999,330.85045290,3,0.04049400,330.85045290
1569635100000,8162.38000000,8162.38000000,8157.94000000,8157.94000000,0.23196900,1569635999999,1892.95370330,5,0.23196900,1892.95370330
1569636000000,8128.64000000,8128.64000000,8128.64000000,8128.64000000,0.10000000,1569636899999,812.86400000,1,0E-8,0E-8
1569636900000,8133.02000000,8137.34000000,8130.86000000,8132.45000000,0.18659500,1569637799999,1518.00511463,7,0.02000000,162.63687550
1569637800000,8135.17000000,8135.17000000,8135.17000000,8135.17000000,0.01278400,1569638699999,104.00001328,1,0E-8,0E-8
1569638700000,8168.38000000,8168.38000000,8154.28000000,8154.28000000,0.50790600,1569639599999,4145.53647800,7,0.00882000,71.98751700
1569639600000,8169.55000000,8169.55000000,8163.48000000,8163.48000000,0.13677200,1569640499999,1116.92280950,4,0.10397400,849.02487492
1569640500000,8163.48000000,8163.48000000,8152.30000000,8152.30000000,0.15344600,1569641399999,1250.97413844,2,0.15344600,1250.97413844
1569641400000,8152.30000000,8152.30000000,8152.30000000,8152.30000000,0E-8,1569642299999,0E-8,0,0E-8,0E-8
1569642300000,8149.25000000,8163.03000000,8146.76000000,8163.03000000,0.07688200,1569643199999,626.86959289,6,0.07688200,626.86959289
1569643200000,8165.12000000,8165.12000000,8165.12000000,8165.12000000,0.02000000,1569644099999,163.30240000,1,0E-8,0E-8
1569644100000,8168.80000000,8168.80000000,8168.80000000,8168.80000000,0.00841400,1569644999999,68.73228320,1,0E-8,0E-8
1569645000000,8168.80000000,8168.80000000,8168.80000000,8168.80000000,0E-8,1569645899999,0E-8,0,0E-8,0E-8
1569645900000,8168.80000000,8168.80000000,8168.80000000,8168.80000000,0E-8,1569646799999,0E-8,0,0E-8,0E-8
1569646800000,8168.80000000,8168.80000000,8168.80000000,8168.80000000,0E-8,1569647699999,0E-8,0,0E-8,0E-8
1569647700000,8168.80000000,8168.80000000,8168.80000000,8168.80000000,0E-8,1569648599999,0E-8,0,0E-8,0E-8
1569648600000,8165.22000000,8165.22000000,8165.22000000,8165.22000000,0.01040100,1569649499999,84.92645322,1,0E-8,0E-8
1569649500000,8165.22000000,8165.22000000,8165.22000000,8165.22000000,0E-8,1569650399999,0E-8,0,0E-8,0E-8
1569650400000,8165.22000000,8165.22000000,8165.22000000,8165.22000000,0E-8,1569651299999,0E-8,0,0E-8,0E-8
1569651300000,8165.22000000,8165.22000000,8165.22000000,8165.22000000,0E-8,1569652199999,0E-8,0,0E-8,0E-8
1569652200000,8165.22000000,8165.22000000,8165.22000000,8165.22000000,0E-8,1569653099999,0E-8,0,0E-8,0E-8
1569653100000,8159.64000000,8160.43000000,8159.64000000,8160.43000000,0.10645900,1569653999999,868.68015608,2,0.08995100,733.96777764
1569654000000,8170.25000000,8173.97000000,8170.25000000,8173.97000000,0.05731700,1569654899999,468.35863849,3,0.05731700,468.35863849
1569654900000,8191.18000000,8196.38000000,8191.18000000,8196.38000000,0.05116900,1569655799999,419.34248942,3,0.01116900,91.48728942
1569655800000,8196.38000000,8196.38000000,8196.38000000,8196.38000000,0E-8,1569656699999,0E-8,0,0E-8,0E-8
1569656700000,8202.52000000,8207.30000000,8202.52000000,8207.30000000,0.01674400,1569657599999,137.34301400,2,0.00000400,0.03282920
1569657600000,8198.09000000,8198.09000000,8198.09000000,8198.09000000,0.00724800,1569658499999,59.41975632,1,0.00724800,59.41975632
1569658500000,8198.09000000,8198.09000000,8198.09000000,8198.09000000,0E-8,1569659399999,0E-8,0,0E-8,0E-8
1569659400000,8198.09000000,8198.09000000,8198.09000000,8198.09000000,0E-8,1569660299999,0E-8,0,0E-8,0E-8
1569660300000,8198.09000000,8198.09000000,8198.09000000,8198.09000000,0E-8,1569661199999,0E-8,0,0E-8,0E-8
1569661200000,8182.66000000,8182.66000000,8182.66000000,8182.66000000,0.17929800,1569662099999,1467.13457268,1,0.17929800,1467.13457268
1569662100000,8182.66000000,8182.66000000,8182.66000000,8182.66000000,0E-8,1569662999999,0E-8,0,0E-8,0E-8
1569663000000,8198.13000000,8198.13000000,8189.31000000,8189.31000000,0.01796200,1569663899999,147.18832590,2,0.01796200,147.18832590
1569663900000,8194.34000000,8194.34000000,8194.34000000,8194.34000000,0.00781700,1569664799999,64.05515578,1,0.00781700,64.05515578
1569664800000,8237.85000000,8239.03000000,8182.66000000,8182.66000000,0.16027000,1569665699999,1319.80889916,5,0.12140000,999.86102756
1569665700000,8182.71000000,8182.71000000,8182.71000000,8182.71000000,0.00939500,1569666599999,76.87656045,1,0E-8,0E-8
1569666600000,8185.09000000,8185.09000000,8185.09000000,8185.09000000,0.01531000,1569667499999,125.31372790,1,0.01531000,125.31372790
1569667500000,8185.09000000,8185.09000000,8185.09000000,8185.09000000,0E-8,1569668399999,0E-8,0,0E-8,0E-8
1569668400000,8185.09000000,8185.09000000,8185.09000000,8185.09000000,0E-8,1569669299999,0E-8,0,0E-8,0E-8
1569669300000,8185.09000000,8185.09000000,8185.09000000,8185.09000000,0E-8,1569670199999,0E-8,0,0E-8,0E-8
1569670200000,8146.93000000,8154.23000000,8134.76000000,8154.23000000,0.33375000,1569671099999,2716.61878771,8,0.04000000,325.66320000
1569671100000,8147.56000000,8147.56000000,8139.48000000,8139.48000000,0.22465200,1569671999999,1829.18195336,2,0.14649700,1192.40940156
1569672000000,8110.53000000,8129.31000000,8102.62000000,8129.31000000,0.05943100,1569672899999,482.24547001,5,0.02676700,217.42779112
1569672900000,8109.89000000,8109.89000000,8096.35000000,8096.35000000,0.31569900,1569673799999,2557.96342921,5,0.02000000,162.09960000
1569673800000,8086.03000000,8086.03000000,8086.03000000,8086.03000000,0.07165700,1569674699999,579.42065171,2,0E-8,0E-8
1569674700000,8095.28000000,8095.28000000,8094.67000000,8094.68000000,0.02911100,1569675599999,235.64911534,3,0.00773700,62.62853916
1569675600000,8050.59000000,8066.05000000,8050.59000000,8066.05000000,0.06613500,1569676499999,533.16108471,4,0.01409200,113.44891428
1569676500000,8100.33000000,8100.33000000,8100.33000000,8100.33000000,0.15123300,1569677399999,1225.03720689,1,0.15123300,1225.03720689
1569677400000,8100.33000000,8100.33000000,8100.33000000,8100.33000000,0E-8,1569678299999,0E-8,0,0E-8,0E-8
1569678300000,8096.75000000,8096.75000000,8096.75000000,8096.75000000,0.05000000,1569679199999,404.83750000,1,0.05000000,404.83750000
1569679200000,8096.75000000,8096.75000000,8096.75000000,8096.75000000,0E-8,1569680099999,0E-8,0,0E-8,0E-8
1569680100000,8094.82000000,8094.82000000,8094.82000000,8094.82000000,0.00232800,1569680999999,18.84474096,1,0.00232800,18.84474096
1569681000000,8094.82000000,8094.82000000,8094.82000000,8094.82000000,0E-8,1569681899999,0E-8,0,0E-8,0E-8
1569681900000,8070.48000000,8070.48000000,8070.48000000,8070.48000000,0.00142600,1569682799999,11.50850448,1,0E-8,0E-8
1569682800000,8039.28000000,8046.11000000,8020.00000000,8020.00000000,0.21901500,1569683699999,1759.91990464,15,0.11784000,947.24564964
1569683700000,8025.04000000,8025.04000000,8025.04000000,8025.04000000,0.01432100,1569684599999,114.92659784,1,0.01432100,114.92659784
1569684600000,8022.17000000,8030.01000000,8022.14000000,8030.01000000,0.09212200,1569685499999,739.35644456,6,0E-8,0E-8
1569685500000,8056.91000000,8072.48000000,8056.91000000,8072.48000000,0.09183900,1569686399999,741.22691271,2,0.09183900,741.22691271
1569686400000,8073.42000000,8089.56000000,8073.42000000,8089.56000000,0.02445400,1569687299999,197.48540859,4,0.02445400,197.48540859
1569687300000,8113.66000000,8125.14000000,8113.66000000,8124.20000000,0.07477300,1569688199999,606.95030106,3,0.07477300,606.95030106
1569688200000,8109.03000000,8124.20000000,8109.03000000,8124.20000000,0.56917700,1569689099999,4620.08467141,12,0.45569700,3698.15045541
1569689100000,8112.73000000,8114.18000000,8093.65000000,8101.46000000,0.05154300,1569689999999,417.69857812,7,0.03675500,298.00968192
1569690000000,8090.13000000,8110.46000000,8090.13000000,8110.46000000,0.06433500,1569690899999,521.17064571,7,0.03471400,281.31134738
1569690900000,8118.17000000,8118.34000000,8118.17000000,8118.34000000,0.10666300,1569691799999,865.91040934,3,0.09931300,806.24061034
1569691800000,8118.34000000,8118.34000000,8118.34000000,8118.34000000,0E-8,1569692699999,0E-8,0,0E-8,0E-8
1569692700000,8118.34000000,8118.34000000,8118.34000000,8118.34000000,0E-8,1569693599999,0E-8,0,0E-8,0E-8
1569693600000,8142.53000000,8172.78000000,8142.53000000,8169.82000000,0.24934200,1569694499999,2034.53323312,11,0.06718600,548.33751502
1569694500000,8140.18000000,8140.18000000,8140.18000000,8140.18000000,0.01363600,1569695399999,110.99949448,1,0.01363600,110.99949448
1569695400000,8140.18000000,8140.18000000,8140.18000000,8140.18000000,0E-8,1569696299999,0E-8,0,0E-8,0E-8
1569696300000,8140.18000000,8140.18000000,8140.18000000,8140.18000000,0E-8,1569697199999,0E-8,0,0E-8,0E-8
1569697200000,8128.50000000,8128.50000000,8123.78000000,8125.57000000,0.02122400,1569698099999,172.44770313,4,0E-8,0E-8
1569698100000,8113.84000000,8113.84000000,8103.46000000,8103.46000000,0.02292300,1569698999999,185.92694586,2,0.02292300,185.92694586
1569699000000,8118.10000000,8118.10000000,8117.25000000,8117.25000000,0.08017900,1569699899999,650.85359175,2,0E-8,0E-8
1569699900000,8132.80000000,8132.80000000,8132.80000000,8132.80000000,0.01940200,1569700799999,157.79258560,3,0.01940200,157.79258560
1569700800000,8132.80000000,8132.80000000,8132.80000000,8132.80000000,0E-8,1569701699999,0E-8,0,0E-8,0E-8
1569701700000,8132.80000000,8132.80000000,8132.80000000,8132.80000000,0E-8,1569702599999,0E-8,0,0E-8,0E-8
1569702600000,8132.80000000,8132.80000000,8132.80000000,8132.80000000,0E-8,1569703499999,0E-8,0,0E-8,0E-8
1569703500000,8173.00000000,8173.57000000,8173.00000000,8173.57000000,0.03214600,1569704399999,262.74140641,2,0E-8,0E-8
1569704400000,8140.61000000,8140.61000000,8140.61000000,8140.61000000,0.02447300,1569705299999,199.22514853,1,0E-8,0E-8
1569705300000,8140.61000000,8140.61000000,8140.61000000,8140.61000000,0E-8,1569706199999,0E-8,0,0E-8,0E-8
1569706200000,8140.61000000,8140.61000000,8140.61000000,8140.61000000,0E-8,1569707099999,0E-8,0,0E-8,0E-8
1569707100000,8132.80000000,8132.80000000,8132.80000000,8132.80000000,0.04000000,1569707999999,325.31200000,2,0E-8,0E-8
1569708000000,8132.80000000,8132.80000000,8098.85000000,8098.85000000,0.30706100,1569708899999,2494.31890577,14,0.09762900,791.05033617
1569708900000,8090.65000000,8090.65000000,8066.36000000,8066.36000000,0.70757200,1569709799999,5713.17210260,7,0.07014400,567.35553536
1569709800000,8081.37000000,8317.00000000,8081.17000000,8300.88000000,5.84732700,1569710699999,47785.07371780,104,2.75732100,22728.80638565
1569710700000,8313.24000000,8320.51000000,8152.96000000,8179.99000000,5.78665100,1569711599999,47563.61274574,129,2.63117100,21714.20394647
1569711600000,8161.25000000,8162.96000000,8141.34000000,8155.73000000,0.60842800,1569712499999,4959.44456271,10,0.50842800,4143.21412827
1569712500000,8155.74000000,8179.44000000,8155.74000000,8169.62000000,1.17441000,1569713399999,9594.30882393,13,1.13441000,9267.51842393
1569713400000,8176.08000000,8208.07000000,8176.08000000,8208.07000000,0.18146400,1569714299999,1487.83691415,8,0.14146400,1160.43851415
1569714300000,8208.07000000,8208.07000000,8208.07000000,8208.07000000,0E-8,1569715199999,0E-8,0,0E-8,0E-8
1569715200000,8210.66000000,8220.38000000,8195.99000000,8197.31000000,0.13353100,1569716099999,1096.10342921,5,0.02000000,164.21320000
1569716100000,8192.37000000,8192.37000000,8176.16000000,8176.16000000,0.13870000,1569716999999,1136.06148480,4,0.13243700,1084.85175215
1569717000000,8178.38000000,8180.23000000,8178.38000000,8180.23000000,0.01017800,1569717899999,83.24991719,2,0.00560300,45.83382869
1569717900000,8180.23000000,8180.23000000,8180.23000000,8180.23000000,0E-8,1569718799999,0E-8,0,0E-8,0E-8
1569718800000,8180.23000000,8180.23000000,8180.23000000,8180.23000000,0E-8,1569719699999,0E-8,0,0E-8,0E-8
1569719700000,8180.23000000,8180.23000000,8180.23000000,8180.23000000,0E-8,1569720599999,0E-8,0,0E-8,0E-8
1569720600000,8180.23000000,8180.23000000,8180.23000000,8180.23000000,0E-8,1569721499999,0E-8,0,0E-8,0E-8
1569721500000,8170.04000000,8179.43000000,8170.04000000,8179.43000000,0.11107700,1569722399999,908.35970074,3,0.02957900,241.75251460
1569722400000,8176.38000000,8176.38000000,8161.50000000,8161.50000000,0.02105000,1569723299999,171.82140396,3,0.02105000,171.82140396
1569723300000,8161.50000000,8161.50000000,8161.50000000,8161.50000000,0E-8,1569724199999,0E-8,0,0E-8,0E-8
1569724200000,8161.50000000,8161.50000000,8161.50000000,8161.50000000,0E-8,1569725099999,0E-8,0,0E-8,0E-8
1569725100000,8166.67000000,8166.67000000,8161.94000000,8162.01000000,0.35476000,1569725999999,2895.79422447,5,0.04740900,387.13861346
1569726000000,8155.59000000,8155.59000000,8148.38000000,8150.88000000,1.09992500,1569726899999,8965.30513200,12,1.04992500,8557.52563200
1569726900000,8156.74000000,8156.74000000,8156.74000000,8156.74000000,0.01777300,1569727799999,144.96974002,1,0.01777300,144.96974002
1569727800000,8156.74000000,8156.74000000,8156.74000000,8156.74000000,0E-8,1569728699999,0E-8,0,0E-8,0E-8
1569728700000,8154.02000000,8154.94000000,8137.61000000,8137.61000000,0.23501600,1569729599999,1916.30080209,5,0.04000000,326.16080000
1569729600000,8127.02000000,8128.03000000,8127.02000000,8128.03000000,0.17124600,1569730499999,1391.72649654,3,0.16448400,1336.76475768
1569730500000,8142.89000000,8142.89000000,8142.89000000,8142.89000000,0.00482500,1569731399999,39.28944425,1,0.00482500,39.28944425
1569731400000,8125.74000000,8125.74000000,8125.74000000,8125.74000000,0.00483600,1569732299999,39.29607864,1,0E-8,0E-8
1569732300000,8112.49000000,8113.02000000,8104.73000000,8106.59000000,0.21030700,1569733199999,1705.21645211,5,0.17030700,1380.69565211
1569733200000,8104.73000000,8136.01000000,8104.73000000,8136.01000000,0.07167700,1569734099999,582.53763473,3,0.07167700,582.53763473
1569734100000,8128.98000000,8128.98000000,8128.98000000,8128.98000000,0.12089000,1569734999999,982.71239220,1,0E-8,0E-8
1569735000000,8128.98000000,8128.98000000,8128.98000000,8128.98000000,0E-8,1569735899999,0E-8,0,0E-8,0E-8
1569735900000,8128.98000000,8128.98000000,8128.98000000,8128.98000000,0E-8,1569736799999,0E-8,0,0E-8,0E-8
1569736800000,8122.98000000,8122.98000000,8109.67000000,8112.99000000,0.40907800,1569737699999,3318.83869076,7,0.35516500,2881.20854093
1569737700000,8122.32000000,8122.32000000,8114.28000000,8114.28000000,0.02760700,1569738599999,224.14772052,3,0.02760700,224.14772052
1569738600000,8102.91000000,8105.04000000,8094.54000000,8101.13000000,0.24225900,1569739499999,1962.54165644,22,0.21651700,1754.08036376
1569739500000,8085.87000000,8098.19000000,8078.39000000,8098.19000000,0.10519500,1569740399999,851.27302995,9,0.10519500,851.27302995
1569740400000,8098.19000000,8098.19000000,8098.19000000,8098.19000000,0E-8,1569741299999,0E-8,0,0E-8,0E-8
1569741300000,8078.39000000,8078.54000000,8053.40000000,8061.52000000,0.44931400,1569742199999,3623.85475485,24,0.24678500,1990.47013431
1569742200000,8075.00000000,8096.60000000,8075.00000000,8096.60000000,0.12310600,1569743099999,996.07822877,3,0.00561300,45.32497500
1569743100000,8085.11000000,8085.11000000,8085.11000000,8085.11000000,0.01151000,1569743999999,93.05961610,1,0E-8,0E-8
1569744000000,8115.49000000,8115.49000000,8110.81000000,8110.81000000,0.02005600,1569744899999,162.72964480,2,0.02005600,162.72964480
1569744900000,8095.79000000,8095.79000000,8095.79000000,8095.79000000,0.00850700,1569745799999,68.87088553,1,0.00850700,68.87088553
1569745800000,8109.68000000,8109.68000000,8104.81000000,8109.27000000,0.11837700,1569746699999,959.91423621,4,0.11837700,959.91423621
1569746700000,8109.27000000,8109.27000000,8109.27000000,8109.27000000,0E-8,1569747599999,0E-8,0,0E-8,0E-8
1569747600000,8090.00000000,8090.00000000,8078.05000000,8079.64000000,0.35172300,1569748499999,2841.36652405,19,0.30612100,2472.86074405
1569748500000,8079.64000000,8079.64000000,8079.64000000,8079.64000000,0E-8,1569749399999,0E-8,0,0E-8,0E-8
1569749400000,8111.63000000,8115.79000000,8101.49000000,8101.49000000,0.16631000,1569750299999,1349.06107842,6,0.03243700,263.16888023
1569750300000,8098.01000000,8098.01000000,8089.99000000,8090.35000000,0.16285300,1569751199999,1318.60849941,5,0.02225000,180.00399938
1569751200000,8104.01000000,8104.01000000,8096.60000000,8097.18000000,0.18296900,1569752099999,1482.18146064,3,0.07537000,610.24074200
1569752100000,8080.53000000,8092.90000000,8077.10000000,8092.90000000,0.10830000,1569752999999,875.13474106,4,0.04000000,323.08400000
1569753000000,8077.21000000,8077.21000000,8075.18000000,8075.18000000,0.15292500,1569753899999,1235.18110150,3,0.01292500,104.37170150
1569753900000,8062.01000000,8066.36000000,8058.58000000,8065.10000000,0.33728100,1569754799999,2720.07437166,10,0.30599100,2467.73869247
1569754800000,8077.89000000,8087.85000000,8050.00000000,8087.85000000,1.48816000,1569755699999,11988.03499647,11,1.34646000,10842.53239321
1569755700000,8094.62000000,8096.32000000,8082.80000000,8082.80000000,0.33064200,1569756599999,2674.42958757,23,0.09637500,780.01431002
1569756600000,8060.49000000,8075.41000000,8060.49000000,8075.41000000,0.16565200,1569757499999,1335.58759822,5,0.16565200,1335.58759822
1569757500000,8068.56000000,8080.35000000,8061.15000000,8080.12000000,0.38681600,1569758399999,3121.91073539,12,0.17789300,1436.24445543
1569758400000,8078.05000000,8079.79000000,8078.05000000,8079.79000000,0.02564700,1569759299999,207.20073897,2,0.01243400,100.44247370
1569759300000,8071.06000000,8071.06000000,8026.58000000,8034.05000000,1.55426600,1569760199999,12525.02936667,47,1.06989900,8623.80935980
1569760200000,8022.16000000,8026.06000000,7916.90000000,7956.21000000,6.18013300,1569761099999,49305.51143171,115,2.15405200,17138.31589799
1569761100000,7987.18000000,7987.18000000,7973.49000000,7973.49000000,0.11090900,1569761999999,885.58859643,4,0.01378600,109.98742211
1569762000000,7985.83000000,7985.83000000,7970.67000000,7980.37000000,0.56074600,1569762899999,4476.47517023,5,0.52360600,4179.99064403
1569762900000,7978.58000000,8008.93000000,7978.58000000,7988.05000000,0.91195300,1569763799999,7293.00883047,17,0.79195300,6332.23923047
1569763800000,8002.70000000,8017.46000000,8002.70000000,8017.46000000,0.03424700,1569764699999,274.27875262,2,0.02000000,160.05400000
1569764700000,7984.70000000,7984.70000000,7984.70000000,7984.70000000,0.02000000,1569765599999,159.69400000,1,0E-8,0E-8
1569765600000,7992.22000000,7992.22000000,7992.22000000,7992.22000000,0.02000000,1569766499999,159.84440000,1,0E-8,0E-8
1569766500000,8003.72000000,8003.72000000,7998.70000000,7999.82000000,0.04758600,1569767399999,380.75347212,4,0.00683400,54.67076988
1569767400000,8017.44000000,8018.53000000,7996.57000000,8001.24000000,0.07433000,1569768299999,595.43451504,6,0.03498800,280.14636400
1569768300000,7986.19000000,7986.19000000,7978.63000000,7978.63000000,0.14926200,1569769199999,1191.95665746,2,0.01032200,82.35541886
1569769200000,7971.73000000,7987.28000000,7946.80000000,7946.80000000,0.68022600,1569770099999,5421.49685978,32,0.40107700,3199.74602024
1569770100000,7956.70000000,7958.38000000,7943.48000000,7945.86000000,0.11559600,1569770999999,919.32495166,8,0.04755500,378.04539140
1569771000000,7932.89000000,7966.39000000,7918.10000000,7956.28000000,0.57983900,1569771899999,4604.01123330,17,0.46167100,3664.86453826
1569771900000,7960.55000000,7979.40000000,7948.39000000,7964.60000000,0.18879000,1569772799999,1504.43893360,11,0.13499000,1076.01882230
1569772800000,7958.30000000,7997.26000000,7932.38000000,7997.26000000,1.57878700,1569773699999,12568.40123235,33,1.27280500,10138.81977740
1569773700000,7994.45000000,8007.44000000,7987.76000000,7992.83000000,1.94262100,1569774599999,15521.11780186,24,0.12677400,1013.72155740
1569774600000,7998.39000000,8022.20000000,7998.39000000,8022.20000000,5.23683300,1569775499999,41924.38012591,22,3.47153000,27799.07627091
1569775500000,8012.35000000,8025.00000000,8011.34000000,8025.00000000,0.30680900,1569776399999,2459.09607836,11,0.10699700,858.14146916
1569776400000,8025.00000000,8029.94000000,8010.70000000,8010.70000000,0.22657100,1569777299999,1816.74867670,15,0.10450700,838.11000276
1569777300000,8010.70000000,8013.21000000,8007.87000000,8010.05000000,0.49600600,1569778199999,3972.92977088,39,0.49600600,3972.92977088
1569778200000,8030.22000000,8030.22000000,7995.70000000,7996.97000000,1.12029100,1569779099999,8978.07820571,28,0.32965600,2640.49492825
1569779100000,7999.22000000,7999.22000000,7999.22000000,7999.22000000,0.00822700,1569779999999,65.80958294,1,0E-8,0E-8
1569780000000,8013.38000000,8013.38000000,8010.48000000,8010.48000000,0.04680000,1569780899999,374.93918400,2,0.01680000,134.62478400
1569780900000,8017.45000000,8020.76000000,8017.45000000,8020.76000000,0.02997200,1569781799999,240.32374041,3,0.02997200,240.32374041
1569781800000,7985.32000000,7985.32000000,7976.63000000,7981.45000000,0.08151600,1569782699999,650.57628220,9,0.08151600,650.57628220
1569782700000,7971.31000000,7986.51000000,7960.20000000,7986.51000000,0.27647600,1569783599999,2203.98101106,17,0.23793900,1896.36949021
1569783600000,7980.51000000,7980.51000000,7946.95000000,7946.95000000,0.09867700,1569784499999,785.21491953,4,0.09867700,785.21491953
1569784500000,7979.47000000,7995.96000000,7973.94000000,7973.94000000,0.46654600,1569785399999,3727.48135045,16,0.44654600,3568.00255045
1569785400000,7956.53000000,7956.53000000,7947.22000000,7949.48000000,0.13969400,1569786299999,1110.85255912,6,0.04000000,317.88880000
1569786300000,7934.28000000,7934.28000000,7934.12000000,7934.12000000,0.01916200,1569787199999,152.03481736,2,0.01916200,152.03481736
1569787200000,7934.12000000,7934.12000000,7934.12000000,7934.12000000,0E-8,1569788099999,0E-8,0,0E-8,0E-8
1569788100000,7961.51000000,7998.21000000,7961.51000000,7995.85000000,0.26682300,1569788999999,2130.35353547,7,0.22757600,1816.96405728
1569789000000,7984.05000000,7995.08000000,7976.93000000,7982.54000000,1.79092200,1569789899999,14297.95092310,9,0.16240400,1296.84626698
1569789900000,7990.18000000,8000.45000000,7988.86000000,7997.02000000,3.52843500,1569790799999,28213.68711613,12,1.81388600,14496.86656908
1569790800000,7997.02000000,8004.67000000,7977.23000000,7977.23000000,4.91593100,1569791699999,39285.99457564,15,3.24511500,25938.99581924
1569791700000,8017.31000000,8083.57000000,8017.31000000,8043.43000000,3.17441600,1569792599999,25568.22511570,50,0.80445200,6478.38792541
1569792600000,8013.18000000,8038.20000000,8013.18000000,8038.20000000,1.64283200,1569793499999,13169.23121799,11,1.62271300,13007.51067219
1569793500000,8056.23000000,8056.23000000,8043.18000000,8048.29000000,3.51950000,1569794399999,28338.64477727,19,2.60150900,20943.35674570
1569794400000,8063.02000000,8087.59000000,8060.96000000,8073.90000000,1.79146600,1569795299999,14468.95122638,7,0.03270000,264.02579200
1569795300000,8067.79000000,8117.08000000,8065.44000000,8095.36000000,3.46335700,1569796199999,27989.03025343,16,1.70907700,13796.20466881
1569796200000,8115.10000000,8115.68000000,8084.00000000,8084.00000000,2.22144100,1569797099999,17973.50259873,20,2.10821100,17056.23542639
1569797100000,8078.19000000,8078.19000000,8057.50000000,8078.07000000,1.28426300,1569797999999,10373.05980961,7,0.02480800,199.95096346
1569798000000,8074.66000000,8086.38000000,8056.97000000,8056.97000000,2.22010700,1569798899999,17927.49715003,7,1.77144800,14304.56171617
1569798900000,8056.67000000,8056.67000000,8056.67000000,8056.67000000,0.00814800,1569799799999,65.64574716,1,0E-8,0E-8
1569799800000,8053.09000000,8066.10000000,8052.68000000,8061.79000000,0.25718600,1569800699999,2073.86134050,15,0.25718600,2073.86134050
1569800700000,8056.75000000,8057.83000000,8047.12000000,8047.12000000,0.17139500,1569801599999,1380.18347574,15,0.10704100,862.00589858
1569801600000,8058.25000000,8058.25000000,8036.23000000,8042.34000000,1.61797200,1569802499999,13032.45788068,17,0.06459800,519.35760232
1569802500000,8044.70000000,8044.70000000,8032.32000000,8032.32000000,0.07069100,1569803399999,567.97148186,2,0.05786800,464.81429376
1569803400000,8026.63000000,8026.63000000,7985.13000000,8018.22000000,1.20798100,1569804299999,9670.65867059,23,0.62812600,5030.17416737
1569804300000,8026.27000000,8030.00000000,8016.19000000,8016.19000000,0.09142300,1569805199999,733.80429809,12,0.07647400,613.97027378
1569805200000,8015.45000000,8018.25000000,7984.49000000,7992.59000000,0.44088100,1569806099999,3525.29261324,27,0.32478700,2597.46653046
1569806100000,7977.47000000,8008.11000000,7974.08000000,7997.62000000,1.98214500,1569806999999,15859.13309134,24,0.14254900,1140.01171529
1569807000000,8007.36000000,8014.55000000,8000.69000000,8001.49000000,1.74144500,1569807899999,13945.06674531,15,1.72029600,13775.71720677
1569807900000,8021.42000000,8021.42000000,8019.00000000,8019.00000000,1.62492500,1569808799999,13032.28629868,2,0E-8,0E-8
1569808800000,8015.28000000,8016.85000000,8009.04000000,8013.78000000,5.13316600,1569809699999,41132.44650426,15,3.06709800,24582.56565375
1569809700000,8020.11000000,8020.11000000,8020.11000000,8020.11000000,0.00748200,1569810599999,60.00646302,1,0.00748200,60.00646302
1569810600000,8008.76000000,8011.04000000,7980.09000000,7987.90000000,0.15015000,1569811499999,1199.85841487,12,0.13931100,1113.35018807
1569811500000,7979.75000000,7984.98000000,7972.94000000,7984.98000000,0.32367600,1569812399999,2583.54971729,7,0.04800800,382.95299610
1569812400000,7984.35000000,7985.77000000,7963.39000000,7963.39000000,0.19568100,1569813299999,1560.19550180,12,0.19568100,1560.19550180
1569813300000,7987.37000000,7987.37000000,7969.37000000,7973.19000000,0.10612600,1569814199999,846.38876669,5,0.02004300,160.00327221
1569814200000,7977.51000000,7977.51000000,7977.51000000,7977.51000000,0.00647400,1569815099999,51.64639974,1,0E-8,0E-8
1569815100000,7973.83000000,7981.47000000,7970.15000000,7981.47000000,0.12586700,1569815999999,1003.72111481,4,0.00752400,59.99216256
1569816000000,7979.85000000,7979.85000000,7942.77000000,7942.77000000,0.26230900,1569816899999,2087.21880272,25,0.17416600,1385.44399073
1569816900000,7943.28000000,7944.14000000,7804.42000000,7832.13000000,7.50733500,1569817799999,58854.90563071,150,3.41319100,26784.60075069
1569817800000,7825.70000000,7861.63000000,7812.14000000,7822.42000000,0.44611500,1569818699999,3497.99043234,17,0.08598000,674.21571236
1569818700000,7816.87000000,7816.87000000,7750.00000000,7811.60000000,5.21715700,1569819599999,40573.65197245,75,4.64235900,36104.20393239
1569819600000,7817.49000000,7847.62000000,7817.49000000,7847.62000000,2.02679700,1569820499999,15874.35471432,17,0.10182100,797.79660947
1569820500000,7855.81000000,7855.81000000,7818.07000000,7818.07000000,0.17062200,1569821399999,1336.31820113,9,0.13775400,1079.14534288
1569821400000,7815.75000000,7815.75000000,7774.34000000,7782.46000000,5.39571300,1569822299999,42087.13105561,24,3.44674500,26876.82510997
1569822300000,7802.14000000,7813.20000000,7799.51000000,7803.39000000,1.75068400,1569823199999,13672.69328729,15,0.08844400,690.40596316
1569823200000,7795.59000000,7808.65000000,7777.87000000,7786.12000000,2.30389000,1569824099999,17972.31257918,35,2.04769800,15974.91236222
1569824100000,7775.73000000,7787.88000000,7768.25000000,7787.88000000,1.66385100,1569824999999,12933.14724998,8,0.02939000,228.60868131
1569825000000,7807.33000000,7807.33000000,7773.21000000,7773.21000000,0.27779500,1569825899999,2163.76995852,9,0.15568900,1211.98830753
1569825900000,7775.39000000,7775.39000000,7744.23000000,7751.80000000,2.26536200,1569826799999,17561.65471460,33,1.91805000,14867.65532061
1569826800000,7759.86000000,7783.87000000,7746.91000000,7783.87000000,3.31671900,1569827699999,25718.10550156,13,2.21556000,17182.33938970
1569827700000,7774.27000000,7789.65000000,7772.92000000,7776.75000000,3.73830500,1569828599999,29071.33325154,32,1.72932400,13449.99282658
1569828600000,7802.47000000,7815.89000000,7798.48000000,7815.89000000,3.81759500,1569829499999,29795.24781874,18,2.07093900,16171.93696258
1569829500000,7814.58000000,7816.74000000,7800.89000000,7800.89000000,4.04619100,1569830399999,31607.98488273,12,1.84753000,14428.55720946
1569830400000,7792.62000000,7800.19000000,7784.38000000,7800.19000000,3.39050500,1569831299999,26420.65581430,9,1.63252200,12733.96972809
1569831300000,7800.19000000,7895.67000000,7800.19000000,7882.61000000,7.09407900,1569832199999,55784.07598374,45,3.90037800,30703.23700676
1569832200000,7884.39000000,7884.39000000,7862.56000000,7865.56000000,0.24352800,1569833099999,1917.85265831,14,0.10218700,804.58204468
1569833100000,7857.21000000,7874.09000000,7857.21000000,7874.09000000,0.07207600,1569833999999,567.06154795,4,0.01944500,152.78728085
1569834000000,7864.49000000,7867.92000000,7850.19000000,7850.19000000,0.05274900,1569834899999,414.85650038,3,0.04433000,348.76575077
1569834900000,7850.36000000,7945.37000000,7850.36000000,7945.37000000,0.69708500,1569835799999,5506.44228968,24,0.31608900,2503.05156048
1569835800000,7945.37000000,7948.01000000,7916.33000000,7916.33000000,3.93129700,1569836699999,31202.69477391,59,2.39790900,19030.81039126
1569836700000,7915.51000000,8018.41000000,7908.20000000,8011.65000000,3.34003900,1569837599999,26676.16241261,78,1.12584100,8961.69395956
1569837600000,8002.54000000,8063.31000000,8002.54000000,8041.23000000,2.74540500,1569838499999,22054.61064243,74,2.30201100,18486.40037504
1569838500000,8056.33000000,8056.33000000,8023.80000000,8048.17000000,1.03309700,1569839399999,8298.93421853,32,0.84026400,6749.67167893
1569839400000,8036.18000000,8036.18000000,8017.66000000,8017.66000000,0.30770900,1569840299999,2468.85485685,17,0.27873800,2236.30898291
1569840300000,8010.12000000,8054.30000000,7995.92000000,8045.87000000,0.55631100,1569841199999,4461.07761395,27,0.26683500,2138.93222085
1569841200000,8018.60000000,8039.78000000,8016.86000000,8039.78000000,0.14234800,1569842099999,1142.26814809,10,0.07144500,573.12401780
1569842100000,8033.90000000,8090.61000000,8033.23000000,8047.38000000,0.72292600,1569842999999,5822.08650601,28,0.54926200,4421.58877206
1569843000000,8045.54000000,8046.85000000,8030.88000000,8030.88000000,0.04570000,1569843899999,367.39793877,6,0.04273300,343.52682159
1569843900000,8026.89000000,8042.33000000,8021.24000000,8042.33000000,0.11157100,1569844799999,895.49432917,6,0.03549900,285.12291856
1569844800000,8045.36000000,8052.86000000,8018.93000000,8021.24000000,0.30472100,1569845699999,2447.89580360,12,0.10238800,822.68849815
1569845700000,8030.97000000,8030.97000000,8026.57000000,8026.57000000,0.02420500,1569846599999,194.34966233,4,0.02241800,180.00539546
1569846600000,8018.95000000,8018.95000000,8003.88000000,8003.88000000,0.05126000,1569847499999,410.54327268,4,0.04748400,380.32062180
1569847500000,7990.60000000,8006.66000000,7986.00000000,8002.26000000,0.34595200,1569848399999,2764.88604897,37,0.32298400,2581.02731894
1569848400000,8010.02000000,8027.47000000,8010.02000000,8025.12000000,0.04800900,1569849299999,385.16517694,4,0.04451800,357.14948302
1569849300000,8039.27000000,8071.14000000,8039.27000000,8071.14000000,0.07666500,1569850199999,617.50398489,4,0.01938200,156.40451766
1569850200000,8099.84000000,8151.62000000,8099.84000000,8114.68000000,1.05440900,1569851099999,8574.01901921,37,0.59819200,4863.45365432
1569851100000,8103.09000000,8128.40000000,8091.35000000,8112.73000000,0.88239000,1569851999999,7154.71251400,33,0.78140700,6335.13096735
1569852000000,8114.39000000,8114.39000000,8095.72000000,8106.44000000,0.12605900,1569852899999,1021.44388557,8,0.09045300,732.95975974
1569852900000,8102.16000000,8135.62000000,8097.05000000,8135.62000000,0.16924000,1569853799999,1375.48228568,5,0.13888500,1129.08403600
1569853800000,8145.95000000,8152.22000000,8124.30000000,8124.30000000,0.04731800,1569854699999,385.36598795,6,0.03009900,245.24826978
1569854700000,8152.54000000,8247.54000000,8152.54000000,8216.03000000,5.17007800,1569855599999,42334.33667322,29,4.43797600,36326.04561467
1569855600000,8217.96000000,8277.32000000,8217.96000000,8277.32000000,2.67206300,1569856499999,22052.73057354,29,2.44942800,20213.63708244
1569856500000,8267.69000000,8268.99000000,8244.25000000,8245.50000000,0.55295900,1569857399999,4562.70230941,31,0.28864300,2382.38030931
1569857400000,8266.69000000,8283.20000000,8241.61000000,8241.61000000,0.81988700,1569858299999,6781.35826668,20,0.31917700,2638.31854859
1569858300000,8256.26000000,8293.50000000,8255.13000000,8274.24000000,0.58573100,1569859199999,4851.69320050,19,0.31119800,2576.97689377
1569859200000,8286.45000000,8322.99000000,8257.13000000,8263.47000000,2.81136700,1569860099999,23278.67923259,84,1.74274200,14423.57929628
1569860100000,8267.06000000,8271.12000000,8247.85000000,8248.17000000,0.11737400,1569860999999,969.01551493,10,0.06297600,519.77181191
1569861000000,8261.23000000,8262.84000000,8237.95000000,8237.96000000,0.66331200,1569861899999,5471.68188392,23,0.14482700,1194.28116748
1569861900000,8237.96000000,8264.42000000,8237.96000000,8261.74000000,0.29755900,1569862799999,2454.61397339,17,0.07960200,657.06526318
1569862800000,8261.53000000,8264.24000000,8244.78000000,8245.73000000,0.45230600,1569863699999,3734.24093110,37,0.36976300,3052.55480974
1569863700000,8240.75000000,8240.75000000,8226.17000000,8226.17000000,0.04629300,1569864599999,381.02935999,7,0.02915500,239.99528634
1569864600000,8226.17000000,8226.17000000,8208.96000000,8208.96000000,0.06952700,1569865499999,571.32896101,7,0.03907700,320.98546305
1569865500000,8224.42000000,8236.87000000,8224.42000000,8233.98000000,0.02540100,1569866399999,209.03241359,5,0.02043700,168.16906826
1569866400000,8254.17000000,8282.06000000,8254.17000000,8277.80000000,0.72302700,1569867299999,5983.12530418,41,0.32370500,2678.01795518
1569867300000,8274.76000000,8294.66000000,8256.96000000,8276.68000000,0.26470400,1569868199999,2188.19012246,20,0.22658200,1872.97878034
1569868200000,8291.83000000,8291.83000000,8265.81000000,8265.81000000,0.11268000,1569869099999,933.02154614,11,0.06662000,551.92737140
1569869100000,8265.01000000,8268.51000000,8258.95000000,8258.95000000,0.95583100,1569869999999,7896.68299891,21,0.22364000,1847.55135065
1569870000000,8261.35000000,8263.50000000,8242.74000000,8242.74000000,0.15900100,1569870899999,1311.59666643,9,0.02049500,169.15683196
1569870900000,8246.12000000,8250.06000000,8238.57000000,8250.06000000,0.04582700,1569871799999,377.75268047,8,0.02874700,236.93400932
1569871800000,8242.58000000,8242.58000000,8238.63000000,8242.58000000,0.07094000,1569872699999,584.69474605,3,0E-8,0E-8
1569872700000,8240.71000000,8264.64000000,8240.71000000,8264.63000000,0.13476000,1569873599999,1113.13824150,5,0.13286700,1097.53857747
1569873600000,8247.96000000,8247.96000000,8185.81000000,8191.42000000,1.99302300,1569874499999,16357.79822925,42,0.67551700,5546.74468025
1569874500000,8191.42000000,8211.90000000,8177.83000000,8211.90000000,0.55091200,1569875399999,4510.60302318,26,0.23242100,1902.99305344
1569875400000,8217.87000000,8238.20000000,8212.31000000,8212.31000000,0.35080400,1569876299999,2887.33275577,13,0.31524400,2594.99053387
1569876300000,8204.02000000,8210.34000000,8193.13000000,8210.34000000,0.35798000,1569877199999,2935.14764242,9,0.32654900,2677.54241931
1569877200000,8220.20000000,8226.24000000,8218.77000000,8225.97000000,0.04357600,1569878099999,358.31500687,8,0.02746100,225.82524040
1569878100000,8223.36000000,8223.36000000,8196.46000000,8196.46000000,0.35048600,1569878999999,2876.98832147,8,0.08449800,692.94793767
1569879000000,8187.50000000,8188.18000000,8175.78000000,8175.78000000,0.15403700,1569879899999,1260.55223783,17,0.14203700,1162.37627783
1569879900000,8176.89000000,8261.35000000,8176.89000000,8239.80000000,1.55443800,1569880799999,12809.93748508,23,0.84719400,6979.14323994
1569880800000,8227.56000000,8268.83000000,8227.56000000,8261.71000000,0.48326000,1569881699999,3991.22145502,16,0.19244700,1587.66145247
1569881700000,8250.89000000,8250.98000000,8238.03000000,8240.88000000,0.62465700,1569882599999,5152.94462231,15,0.27868700,2299.05476746
1569882600000,8242.58000000,8242.58000000,8210.51000000,8210.51000000,0.62529400,1569883499999,5141.03242226,21,0.12647600,1039.31330018
1569883500000,8217.59000000,8231.65000000,8217.59000000,8226.58000000,0.07758000,1569884399999,638.14730548,6,0.05664900,465.91392346
1569884400000,8239.74000000,8243.12000000,8233.37000000,8242.96000000,0.13062900,1569885299999,1076.22343508,11,0.05158800,425.16476463
1569885300000,8242.95000000,8255.79000000,8242.95000000,8242.95000000,0.34951000,1569886199999,2883.65763886,8,0.07174200,591.92794328
1569886200000,8256.76000000,8284.81000000,8256.76000000,8278.93000000,0.34260500,1569887099999,2835.27187323,15,0.31125000,2575.97022103
1569887100000,8278.97000000,8292.35000000,8259.62000000,8292.35000000,0.62132900,1569887999999,5145.05079083,27,0.48493700,4016.88117695
